Fecha de registro;numero_radicado;nit_proveedor;nombre_proveedor;moneda;fecha_factura;numero_factura;pedido;valor_total $;estado_factura;categoria;tipo_factura;responsable
17/02/2025;NT00014;NIT0000000018;E.ON;COP;23/08/2022;FAC-14;PED-4928;54000000,00;Pagada;Energía;Electronica;Responsable 4
22/03/2022;NT00025;NIT0000000032;Enel;COP;8/01/2025;FAC-25;PED-5712;20000000,00;Pendiente;Energía;Fisica;Responsable 5
20/07/2023;NT00029;NIT0000000040;RWE;COP;9/04/2025;FAC-29;PED-6000;19000000,00;Pendiente;Energía;Fisica;Responsable 9
14/11/2024;NT00044;NIT0000000018;E.ON;COP;18/04/2022;FAC-44;PED-7028;18000000,00;Pagada;Energía;Electronica;Responsable 4
4/04/2023;NT00055;NIT0000000032;Enel;COP;18/05/2023;FAC-55;PED-7812;60000000,00;Pendiente;Energía;Fisica;Responsable 5
27/07/2024;NT00074;NIT0000000018;E.ON;COP;12/11/2022;FAC-74;PED-9128;54000000,00;Pagada;Energía;Electronica;Responsable 4
27/01/2025;NT00085;NIT0000000032;Enel;COP;20/09/2025;FAC-85;PED-9912;60000000,00;Pendiente;Energía;Fisica;Responsable 5
17/11/2025;NT000111;NIT0000000008;IBM;COP;14/04/2022;FAC-111;PED-11708;75000000,00;Pendiente;Tecnologia;Fisica;Responsable 1
9/02/2022;NT000153;NIT0000000032;Enel;COP;4/05/2025;FAC-153;PED-14672;60000000,00;Pendiente;Energía;Fisica;Responsable 3
23/03/2022;NT000213;NIT0000000008;IBM;COP;3/10/2025;FAC-213;PED-18848;75000000,00;Pendiente;Tecnologia;Fisica;Responsable 3
20/04/2023;NT000315;NIT0000000008;IBM;COP;11/02/2025;FAC-315;PED-25988;75000000,00;Pendiente;Tecnologia;Fisica;Responsable 5
27/03/2023;NT000333;NIT0000000040;RWE;COP;29/09/2025;FAC-333;PED-27280;57000000,00;Pendiente;Energía;Fisica;Responsable 3
28/03/2025;NT000417;NIT0000000008;IBM;COP;26/11/2022;FAC-417;PED-33128;75000000,00;Pendiente;Tecnologia;Fisica;Responsable 7
24/04/2024;NT000428;NIT0000000032;Enel;COP;9/09/2024;FAC-428;PED-33922;40000000,00;Pagada;Energía;Electronica;Responsable 8
14/07/2023;NT000507;NIT0000000032;Enel;COP;5/02/2023;FAC-507;PED-39452;40000000,00;Pendiente;Energía;Fisica;Responsable 7
14/12/2025;NT000543;NIT0000000008;IBM;COP;30/09/2024;FAC-543;PED-41948;75000000,00;Pendiente;Tecnologia;Fisica;Responsable 3
13/01/2022;NT000645;NIT0000000008;IBM;COP;5/07/2024;FAC-645;PED-49088;75000000,00;Pendiente;Tecnologia;Fisica;Responsable 5
29/11/2025;NT000747;NIT0000000008;IBM;COP;31/07/2023;FAC-747;PED-56228;75000000,00;Pendiente;Tecnologia;Fisica;Responsable 7
30/08/2023;NT000813;NIT0000000032;Enel;COP;1/08/2024;FAC-813;PED-60872;40000000,00;Pendiente;Energía;Fisica;Responsable 3
8/04/2024;NT000849;NIT0000000008;IBM;COP;4/11/2024;FAC-849;PED-63368;75000000,00;Pendiente;Tecnologia;Fisica;Responsable 9
14/03/2023;NT000915;NIT0000000032;Enel;COP;30/11/2022;FAC-915;PED-68012;40000000,00;Pendiente;Energía;Fisica;Responsable 5
25/10/2025;NT000951;NIT0000000008;IBM;COP;24/01/2022;FAC-951;PED-70508;75000000,00;Pendiente;Tecnologia;Fisica;Responsable 1
28/02/2023;NT0007;NIT0000000068;EY;COP;18/05/2024;FAC-1207;PED-88488;35000000,00;Pendiente;Servicios;Fisica;Responsable 7
7/04/2024;NT0001;NIT0000000011;Apple;COP;18/05/2025;FAC-1;PED-4011;45000000,00;Pendiente;Tecnologia;Fisica;Responsable 1
5/02/2024;NT0001;NIT0000000012;Intel;COP;27/05/2024;FAC-1;PED-4012;32000000,00;Pendiente;Tecnologia;Fisica;Responsable 1
20/02/2025;NT0001;NIT0000000013;General Mills;COP;17/12/2023;FAC-1;PED-4013;32500000,00;Pendiente;Alimentación;Fisica;Responsable 1
4/01/2023;NT0001;NIT0000000014;Unilever;COP;17/07/2025;FAC-1;PED-4014;16400000,00;Pendiente;Alimentación;Fisica;Responsable 1
9/06/2023;NT0001;NIT0000000015;Dunkin Donuts;COP;11/09/2022;FAC-1;PED-4015;70000000,00;Pendiente;Consultoría;Fisica;Responsable 1
1/06/2023;NT0001;NIT0000000017;Aramark;COP;18/09/2023;FAC-1;PED-4017;12000000,00;Pendiente;Servicios Públicos;Fisica;Responsable 1
13/11/2025;NT0001;NIT0000000018;E.ON;COP;31/08/2025;FAC-1;PED-4018;36000000,00;Pendiente;Energía;Fisica;Responsable 1
1/05/2024;NT0001;NIT0000000020;Iberdrola;COP;4/05/2024;FAC-1;PED-4020;35000000,00;Pendiente;Energía;Fisica;Responsable 1
7/07/2022;NT0001;NIT0000000021;Engie;COP;17/01/2022;FAC-1;PED-4021;22000000,00;Pendiente;Energía;Fisica;Responsable 1
10/08/2022;NT0001;NIT0000000023;TCS;COP;23/07/2023;FAC-1;PED-4023;120000000,00;Pendiente;Servicios;Fisica;Responsable 1
6/01/2023;NT0001;NIT0000000024;PepsiCo;COP;2/11/2022;FAC-1;PED-4024;21000000,00;Pendiente;Alimentación;Fisica;Responsable 1
27/10/2025;NT0001;NIT0000000025;PwC;COP;1/03/2024;FAC-1;PED-4025;28000000,00;Pendiente;Servicios;Fisica;Responsable 1
4/12/2024;NT0001;NIT0000000027;Duke Energy;COP;9/05/2024;FAC-1;PED-4027;21500000,00;Pendiente;Energía;Fisica;Responsable 1
23/06/2025;NT0001;NIT0000000028;McKinsey;COP;30/01/2022;FAC-1;PED-4028;150000000,00;Pendiente;Servicios;Fisica;Responsable 1
9/03/2022;NT0001;NIT0000000029;Danone;COP;3/07/2025;FAC-1;PED-4029;5800000,00;Pendiente;Alimentación;Fisica;Responsable 1
24/03/2022;NT0001;NIT0000000030;Facebook;COP;22/09/2023;FAC-1;PED-4030;5000000,00;Pendiente;Tecnologia;Fisica;Responsable 1
10/07/2025;NT0001;NIT0000000031;Microsoft;COP;6/05/2025;FAC-1;PED-4031;54000000,00;Pendiente;Tecnologia;Fisica;Responsable 1
6/01/2023;NT0001;NIT0000000032;Enel;COP;16/02/2022;FAC-1;PED-4032;20000000,00;Pendiente;Energía;Fisica;Responsable 1
30/11/2022;NT0001;NIT0000000033;Coca-Cola;COP;9/12/2025;FAC-1;PED-4033;18000000,00;Pendiente;Alimentación;Fisica;Responsable 1
30/04/2025;NT0001;NIT0000000035;Kellogg;COP;24/04/2023;FAC-1;PED-4035;6300000,00;Pendiente;Alimentación;Fisica;Responsable 1
4/02/2023;NT0001;NIT0000000036;Southern Company;COP;26/06/2022;FAC-1;PED-4036;19800000,00;Pendiente;Energía;Fisica;Responsable 1
4/07/2025;NT0001;NIT0000000037;Kraft Heinz;COP;14/01/2022;FAC-1;PED-4037;4500000,00;Pendiente;Alimentación;Fisica;Responsable 1
26/10/2022;NT0001;NIT0000000038;G4S;COP;23/04/2022;FAC-1;PED-4038;8500000,00;Pendiente;Servicios Públicos;Fisica;Responsable 1
8/09/2024;NT0001;NIT0000000040;RWE;COP;23/04/2022;FAC-1;PED-4040;19000000,00;Pendiente;Energía;Fisica;Responsable 1
20/03/2024;NT0001;NIT0000000041;Juan Valdez;COP;24/07/2023;FAC-1;PED-4041;8400000,00;Pendiente;Consultoría;Fisica;Responsable 1
18/10/2025;NT0001;NIT0000000042;Compass Group;COP;12/04/2023;FAC-1;PED-4042;10500000,00;Pendiente;Servicios Públicos;Fisica;Responsable 1
23/02/2022;NT0001;NIT0000000043;Serco;COP;25/04/2025;FAC-1;PED-4043;9000000,00;Pendiente;Servicios Públicos;Fisica;Responsable 1
16/11/2022;NT0001;NIT0000000045;NextEra Energy;COP;4/07/2022;FAC-1;PED-4045;23000000,00;Pendiente;Energía;Fisica;Responsable 1
1/04/2024;NT0001;NIT0000000046;Exelon;COP;19/02/2022;FAC-1;PED-4046;18700000,00;Pendiente;Energía;Fisica;Responsable 1
20/05/2023;NT0001;NIT0000000047;EDF;COP;13/01/2024;FAC-1;PED-4047;19200000,00;Pendiente;Energía;Fisica;Responsable 1
21/05/2022;NT0001;NIT0000000048;Oracle;COP;4/04/2022;FAC-1;PED-4048;120000000,00;Pendiente;Tecnologia;Fisica;Responsable 1
11/03/2022;NT0001;NIT0000000049;Starbucks;COP;7/12/2022;FAC-1;PED-4049;11000000,00;Pendiente;Consultoría;Fisica;Responsable 1
15/02/2022;NT0001;NIT0000000050;Accenture;COP;18/04/2023;FAC-1;PED-4050;95000000,00;Pendiente;Servicios;Fisica;Responsable 1
7/01/2022;NT0001;NIT0000000051;Mondelez;COP;16/02/2022;FAC-1;PED-4051;6900000,00;Pendiente;Alimentación;Fisica;Responsable 1
27/04/2022;NT0001;NIT0000000052;KPMG;COP;26/02/2025;FAC-1;PED-4052;30000000,00;Pendiente;Servicios;Fisica;Responsable 1
23/07/2024;NT0001;NIT0000000053;Cisco;COP;31/01/2024;FAC-1;PED-4053;35000000,00;Pendiente;Tecnologia;Fisica;Responsable 1
20/04/2023;NT0001;NIT0000000056;Burger King;COP;24/09/2024;FAC-1;PED-4056;90000000,00;Pendiente;Consultoría;Fisica;Responsable 1
11/03/2022;NT0001;NIT0000000057;KFC;COP;26/12/2022;FAC-1;PED-4057;76000000,00;Pendiente;Consultoría;Fisica;Responsable 1
18/09/2025;NT0001;NIT0000000058;Capgemini;COP;27/06/2023;FAC-1;PED-4058;80000000,00;Pendiente;Servicios;Fisica;Responsable 1
30/01/2023;NT0001;NIT0000000059;Amazon;COP;30/11/2025;FAC-1;PED-4059;22000000,00;Pendiente;Tecnologia;Fisica;Responsable 1
13/02/2022;NT0001;NIT0000000060;Tostao;COP;18/07/2022;FAC-1;PED-4060;7600000,00;Pendiente;Consultoría;Fisica;Responsable 1
15/11/2022;NT0001;NIT0000000061;McDonald's;COP;29/10/2022;FAC-1;PED-4061;120000000,00;Pendiente;Consultoría;Fisica;Responsable 1
16/04/2024;NT0001;NIT0000000062;Bain;COP;30/10/2022;FAC-1;PED-4062;160000000,00;Pendiente;Servicios;Fisica;Responsable 1
9/05/2022;NT0001;NIT0000000063;Procter & Gamble;COP;19/11/2025;FAC-1;PED-4063;7200000,00;Pendiente;Alimentación;Fisica;Responsable 1
12/03/2022;NT0001;NIT0000000064;Securitas;COP;24/03/2023;FAC-1;PED-4064;8700000,00;Pendiente;Servicios Públicos;Fisica;Responsable 1
29/01/2023;NT0001;NIT0000000065;Crepes & Waffles;COP;9/06/2025;FAC-1;PED-4065;15000000,00;Pendiente;Consultoría;Fisica;Responsable 1
14/06/2024;NT0001;NIT0000000066;SAP;COP;8/04/2025;FAC-1;PED-4066;120000000,00;Pendiente;Tecnologia;Fisica;Responsable 1
30/08/2023;NT0001;NIT0000000067;Mitie;COP;8/03/2025;FAC-1;PED-4067;7500000,00;Pendiente;Servicios Públicos;Fisica;Responsable 1
20/02/2024;NT0001;NIT0000000068;EY;COP;6/11/2025;FAC-1;PED-4068;35000000,00;Pendiente;Servicios;Fisica;Responsable 1
14/04/2025;NT0001;NIT0000000069;BCG;COP;15/11/2024;FAC-1;PED-4069;100000000,00;Pendiente;Servicios;Fisica;Responsable 1
9/06/2025;NT0001;NIT0000000070;Google;COP;27/11/2022;FAC-1;PED-4070;15000000,00;Pendiente;Tecnologia;Fisica;Responsable 1
22/06/2024;NT0002;NIT0000000001;ABM;COP;31/08/2023;FAC-2;PED-4071;6200000,00;Pagada;Servicios Públicos;Electronica;Responsable 2
16/11/2024;NT0002;NIT0000000002;Subway;COP;25/11/2022;FAC-2;PED-4072;18000000,00;Pagada;Consultoría;Electronica;Responsable 2
7/01/2024;NT0002;NIT0000000003;Sodexo;COP;20/01/2022;FAC-2;PED-4073;55000000,00;Pagada;Servicios Públicos;Electronica;Responsable 2
17/07/2022;NT0002;NIT0000000005;ISS;COP;29/08/2024;FAC-2;PED-4075;9800000,00;Pagada;Servicios Públicos;Electronica;Responsable 2
13/02/2025;NT0002;NIT0000000006;Rentokil;COP;4/11/2023;FAC-2;PED-4076;1200000,00;Pagada;Servicios Públicos;Electronica;Responsable 2
11/09/2022;NT0002;NIT0000000008;IBM;COP;13/12/2022;FAC-2;PED-4078;75000000,00;Pagada;Tecnologia;Electronica;Responsable 2
10/07/2025;NT0002;NIT0000000009;Oma;COP;26/10/2024;FAC-2;PED-4079;6400000,00;Pagada;Consultoría;Electronica;Responsable 2
23/12/2022;NT0002;NIT0000000010;Deloitte;COP;16/10/2024;FAC-2;PED-4080;40000000,00;Pagada;Servicios;Electronica;Responsable 2
15/02/2023;NT0002;NIT0000000011;Apple;COP;16/05/2025;FAC-2;PED-4081;45000000,00;Pagada;Tecnologia;Electronica;Responsable 2
21/03/2022;NT0002;NIT0000000012;Intel;COP;2/09/2023;FAC-2;PED-4082;32000000,00;Pagada;Tecnologia;Electronica;Responsable 2
15/08/2025;NT0002;NIT0000000013;General Mills;COP;3/12/2025;FAC-2;PED-4083;6500000,00;Pagada;Alimentación;Electronica;Responsable 2
3/12/2023;NT0002;NIT0000000014;Unilever;COP;21/08/2025;FAC-2;PED-4084;8200000,00;Pagada;Alimentación;Electronica;Responsable 2
27/05/2022;NT0002;NIT0000000015;Dunkin Donuts;COP;27/06/2023;FAC-2;PED-4085;70000000,00;Pagada;Consultoría;Electronica;Responsable 2
9/03/2023;NT0002;NIT0000000017;Aramark;COP;31/01/2024;FAC-2;PED-4087;12000000,00;Pagada;Servicios Públicos;Electronica;Responsable 2
13/08/2023;NT0002;NIT0000000018;E.ON;COP;10/07/2024;FAC-2;PED-4088;18000000,00;Pagada;Energía;Electronica;Responsable 2
10/01/2022;NT0002;NIT0000000020;Iberdrola;COP;21/06/2024;FAC-2;PED-4090;17500000,00;Pagada;Energía;Electronica;Responsable 2
26/01/2024;NT0002;NIT0000000021;Engie;COP;31/10/2022;FAC-2;PED-4091;44000000,00;Pagada;Energía;Electronica;Responsable 2
10/02/2024;NT0002;NIT0000000023;TCS;COP;10/02/2025;FAC-2;PED-4093;120000000,00;Pagada;Servicios;Electronica;Responsable 2
30/11/2025;NT0002;NIT0000000024;PepsiCo;COP;20/01/2025;FAC-2;PED-4094;7000000,00;Pagada;Alimentación;Electronica;Responsable 2
27/09/2024;NT0002;NIT0000000025;PwC;COP;27/04/2025;FAC-2;PED-4095;28000000,00;Pagada;Servicios;Electronica;Responsable 2
9/03/2025;NT0002;NIT0000000027;Duke Energy;COP;15/11/2022;FAC-2;PED-4097;43000000,00;Pagada;Energía;Electronica;Responsable 2
8/11/2025;NT0002;NIT0000000028;McKinsey;COP;19/10/2025;FAC-2;PED-4098;150000000,00;Pagada;Servicios;Electronica;Responsable 2
23/03/2023;NT0002;NIT0000000029;Danone;COP;6/11/2024;FAC-2;PED-4099;5800000,00;Pagada;Alimentación;Electronica;Responsable 2
4/04/2024;NT0002;NIT0000000030;Facebook;COP;13/02/2022;FAC-2;PED-4100;5000000,00;Pagada;Tecnologia;Electronica;Responsable 2
24/01/2023;NT0002;NIT0000000031;Microsoft;COP;17/07/2025;FAC-2;PED-4101;54000000,00;Pagada;Tecnologia;Electronica;Responsable 2
19/10/2024;NT0002;NIT0000000032;Enel;COP;5/03/2023;FAC-2;PED-4102;40000000,00;Pagada;Energía;Electronica;Responsable 2
3/05/2025;NT0002;NIT0000000033;Coca-Cola;COP;5/12/2022;FAC-2;PED-4103;9000000,00;Pagada;Alimentación;Electronica;Responsable 2
26/02/2024;NT0002;NIT0000000035;Kellogg;COP;10/06/2024;FAC-2;PED-4105;31500000,00;Pagada;Alimentación;Electronica;Responsable 2
12/12/2023;NT0002;NIT0000000036;Southern Company;COP;8/08/2025;FAC-2;PED-4106;39600000,00;Pagada;Energía;Electronica;Responsable 2
28/03/2024;NT0002;NIT0000000037;Kraft Heinz;COP;10/12/2025;FAC-2;PED-4107;22500000,00;Pagada;Alimentación;Electronica;Responsable 2
10/12/2024;NT0002;NIT0000000038;G4S;COP;14/09/2022;FAC-2;PED-4108;8500000,00;Pagada;Servicios Públicos;Electronica;Responsable 2
26/08/2024;NT0002;NIT0000000040;RWE;COP;2/02/2022;FAC-2;PED-4110;38000000,00;Pagada;Energía;Electronica;Responsable 2
17/06/2023;NT0002;NIT0000000041;Juan Valdez;COP;3/07/2023;FAC-2;PED-4111;8400000,00;Pagada;Consultoría;Electronica;Responsable 2
1/09/2024;NT0002;NIT0000000042;Compass Group;COP;21/07/2024;FAC-2;PED-4112;10500000,00;Pagada;Servicios Públicos;Electronica;Responsable 2
29/08/2024;NT0002;NIT0000000043;Serco;COP;29/10/2022;FAC-2;PED-4113;9000000,00;Pagada;Servicios Públicos;Electronica;Responsable 2
20/12/2023;NT0002;NIT0000000045;NextEra Energy;COP;28/12/2024;FAC-2;PED-4115;46000000,00;Pagada;Energía;Electronica;Responsable 2
26/03/2024;NT0002;NIT0000000046;Exelon;COP;4/07/2025;FAC-2;PED-4116;37400000,00;Pagada;Energía;Electronica;Responsable 2
7/07/2025;NT0002;NIT0000000047;EDF;COP;5/02/2023;FAC-2;PED-4117;38400000,00;Pagada;Energía;Electronica;Responsable 2
3/11/2022;NT0002;NIT0000000048;Oracle;COP;17/04/2025;FAC-2;PED-4118;120000000,00;Pagada;Tecnologia;Electronica;Responsable 2
19/12/2025;NT0002;NIT0000000049;Starbucks;COP;28/12/2024;FAC-2;PED-4119;5500000,00;Pagada;Consultoría;Electronica;Responsable 2
13/02/2024;NT0002;NIT0000000050;Accenture;COP;17/02/2022;FAC-2;PED-4120;95000000,00;Pagada;Servicios;Electronica;Responsable 2
4/07/2024;NT0002;NIT0000000051;Mondelez;COP;15/04/2022;FAC-2;PED-4121;41400000,00;Pagada;Alimentación;Electronica;Responsable 2
1/08/2024;NT0002;NIT0000000052;KPMG;COP;11/06/2025;FAC-2;PED-4122;30000000,00;Pagada;Servicios;Electronica;Responsable 2
18/02/2024;NT0002;NIT0000000053;Cisco;COP;9/01/2025;FAC-2;PED-4123;35000000,00;Pagada;Tecnologia;Electronica;Responsable 2
22/11/2025;NT0002;NIT0000000056;Burger King;COP;12/09/2022;FAC-2;PED-4126;45000000,00;Pagada;Consultoría;Electronica;Responsable 2
22/12/2024;NT0002;NIT0000000057;KFC;COP;31/05/2023;FAC-2;PED-4127;38000000,00;Pagada;Consultoría;Electronica;Responsable 2
8/12/2023;NT0002;NIT0000000058;Capgemini;COP;11/03/2024;FAC-2;PED-4128;80000000,00;Pagada;Servicios;Electronica;Responsable 2
13/04/2025;NT0002;NIT0000000059;Amazon;COP;31/07/2025;FAC-2;PED-4129;22000000,00;Pagada;Tecnologia;Electronica;Responsable 2
5/11/2022;NT0002;NIT0000000060;Tostao;COP;5/02/2024;FAC-2;PED-4130;3800000,00;Pagada;Consultoría;Electronica;Responsable 2
7/08/2023;NT0002;NIT0000000061;McDonald's;COP;26/11/2023;FAC-2;PED-4131;60000000,00;Pagada;Consultoría;Electronica;Responsable 2
29/12/2023;NT0002;NIT0000000062;Bain;COP;24/01/2024;FAC-2;PED-4132;180000000,00;Pagada;Servicios;Electronica;Responsable 2
26/05/2023;NT0002;NIT0000000063;Procter & Gamble;COP;18/02/2022;FAC-2;PED-4133;28800000,00;Pagada;Alimentación;Electronica;Responsable 2
3/10/2022;NT0002;NIT0000000064;Securitas;COP;2/12/2022;FAC-2;PED-4134;8700000,00;Pagada;Servicios Públicos;Electronica;Responsable 2
6/10/2025;NT0002;NIT0000000065;Crepes & Waffles;COP;19/05/2024;FAC-2;PED-4135;7500000,00;Pagada;Consultoría;Electronica;Responsable 2
9/01/2024;NT0002;NIT0000000066;SAP;COP;21/06/2023;FAC-2;PED-4136;120000000,00;Pagada;Tecnologia;Electronica;Responsable 2
12/03/2024;NT0002;NIT0000000067;Mitie;COP;14/11/2024;FAC-2;PED-4137;7500000,00;Pagada;Servicios Públicos;Electronica;Responsable 2
23/01/2025;NT0002;NIT0000000068;EY;COP;3/09/2024;FAC-2;PED-4138;35000000,00;Pagada;Servicios;Electronica;Responsable 2
2/12/2025;NT0002;NIT0000000069;BCG;COP;17/11/2022;FAC-2;PED-4139;100000000,00;Pagada;Servicios;Electronica;Responsable 2
18/06/2025;NT0002;NIT0000000070;Google;COP;4/02/2024;FAC-2;PED-4140;15000000,00;Pagada;Tecnologia;Electronica;Responsable 2
5/04/2025;NT0003;NIT0000000001;ABM;COP;8/02/2023;FAC-3;PED-4141;6200000,00;Pendiente;Servicios Públicos;Fisica;Responsable 3
4/01/2024;NT0003;NIT0000000002;Subway;COP;14/01/2024;FAC-3;PED-4142;9000000,00;Pendiente;Consultoría;Fisica;Responsable 3
4/11/2023;NT0003;NIT0000000003;Sodexo;COP;25/08/2023;FAC-3;PED-4143;44000000,00;Pendiente;Servicios Públicos;Fisica;Responsable 3
20/02/2023;NT0003;NIT0000000005;ISS;COP;8/06/2024;FAC-3;PED-4145;9800000,00;Pendiente;Servicios Públicos;Fisica;Responsable 3
22/08/2025;NT0003;NIT0000000006;Rentokil;COP;15/04/2024;FAC-3;PED-4146;1200000,00;Pendiente;Servicios Públicos;Fisica;Responsable 3
12/04/2025;NT0003;NIT0000000008;IBM;COP;2/01/2024;FAC-3;PED-4148;75000000,00;Pendiente;Tecnologia;Fisica;Responsable 3
11/11/2024;NT0003;NIT0000000009;Oma;COP;11/03/2025;FAC-3;PED-4149;3200000,00;Pendiente;Consultoría;Fisica;Responsable 3
30/11/2023;NT0003;NIT0000000010;Deloitte;COP;14/12/2022;FAC-3;PED-4150;40000000,00;Pendiente;Servicios;Fisica;Responsable 3
30/05/2024;NT0003;NIT0000000011;Apple;COP;28/08/2022;FAC-3;PED-4151;45000000,00;Pendiente;Tecnologia;Fisica;Responsable 3
23/07/2024;NT0003;NIT0000000012;Intel;COP;20/05/2023;FAC-3;PED-4152;32000000,00;Pendiente;Tecnologia;Fisica;Responsable 3
8/08/2025;NT0003;NIT0000000013;General Mills;COP;17/01/2024;FAC-3;PED-4153;19500000,00;Pendiente;Alimentación;Fisica;Responsable 3
19/10/2022;NT0003;NIT0000000014;Unilever;COP;31/10/2025;FAC-3;PED-4154;24600000,00;Pendiente;Alimentación;Fisica;Responsable 3
25/02/2023;NT0003;NIT0000000015;Dunkin Donuts;COP;23/09/2024;FAC-3;PED-4155;35000000,00;Pendiente;Consultoría;Fisica;Responsable 3
29/01/2024;NT0003;NIT0000000017;Aramark;COP;10/02/2023;FAC-3;PED-4157;12000000,00;Pendiente;Servicios Públicos;Fisica;Responsable 3
6/02/2022;NT0003;NIT0000000018;E.ON;COP;26/05/2024;FAC-3;PED-4158;36000000,00;Pendiente;Energía;Fisica;Responsable 3
30/07/2024;NT0003;NIT0000000020;Iberdrola;COP;6/04/2023;FAC-3;PED-4160;35000000,00;Pendiente;Energía;Fisica;Responsable 3
3/03/2022;NT0003;NIT0000000021;Engie;COP;3/06/2024;FAC-3;PED-4161;22000000,00;Pendiente;Energía;Fisica;Responsable 3
9/11/2024;NT0003;NIT0000000023;TCS;COP;21/04/2023;FAC-3;PED-4163;120000000,00;Pendiente;Servicios;Fisica;Responsable 3
6/04/2024;NT0003;NIT0000000024;PepsiCo;COP;1/06/2025;FAC-3;PED-4164;14000000,00;Pendiente;Alimentación;Fisica;Responsable 3
28/04/2025;NT0003;NIT0000000025;PwC;COP;7/05/2024;FAC-3;PED-4165;28000000,00;Pendiente;Servicios;Fisica;Responsable 3
28/01/2025;NT0003;NIT0000000027;Duke Energy;COP;4/10/2024;FAC-3;PED-4167;21500000,00;Pendiente;Energía;Fisica;Responsable 3
14/04/2024;NT0003;NIT0000000028;McKinsey;COP;16/06/2023;FAC-3;PED-4168;150000000,00;Pendiente;Servicios;Fisica;Responsable 3
9/04/2023;NT0003;NIT0000000029;Danone;COP;14/06/2023;FAC-3;PED-4169;11600000,00;Pendiente;Alimentación;Fisica;Responsable 3
3/03/2025;NT0003;NIT0000000030;Facebook;COP;25/12/2024;FAC-3;PED-4170;5000000,00;Pendiente;Tecnologia;Fisica;Responsable 3
10/03/2023;NT0003;NIT0000000031;Microsoft;COP;18/07/2024;FAC-3;PED-4171;54000000,00;Pendiente;Tecnologia;Fisica;Responsable 3
7/03/2025;NT0003;NIT0000000032;Enel;COP;4/02/2023;FAC-3;PED-4172;20000000,00;Pendiente;Energía;Fisica;Responsable 3
1/05/2023;NT0003;NIT0000000033;Coca-Cola;COP;2/06/2024;FAC-3;PED-4173;18000000,00;Pendiente;Alimentación;Fisica;Responsable 3
18/05/2024;NT0003;NIT0000000035;Kellogg;COP;23/07/2024;FAC-3;PED-4175;12600000,00;Pendiente;Alimentación;Fisica;Responsable 3
23/03/2025;NT0003;NIT0000000036;Southern Company;COP;10/04/2023;FAC-3;PED-4176;19800000,00;Pendiente;Energía;Fisica;Responsable 3
15/04/2024;NT0003;NIT0000000037;Kraft Heinz;COP;12/06/2024;FAC-3;PED-4177;40500000,00;Pendiente;Alimentación;Fisica;Responsable 3
16/09/2023;NT0003;NIT0000000038;G4S;COP;15/12/2024;FAC-3;PED-4178;8500000,00;Pendiente;Servicios Públicos;Fisica;Responsable 3
19/11/2023;NT0003;NIT0000000040;RWE;COP;2/09/2025;FAC-3;PED-4180;19000000,00;Pendiente;Energía;Fisica;Responsable 3
5/12/2024;NT0003;NIT0000000041;Juan Valdez;COP;25/10/2022;FAC-3;PED-4181;4200000,00;Pendiente;Consultoría;Fisica;Responsable 3
18/01/2022;NT0003;NIT0000000042;Compass Group;COP;24/06/2023;FAC-3;PED-4182;10500000,00;Pendiente;Servicios Públicos;Fisica;Responsable 3
21/07/2023;NT0003;NIT0000000043;Serco;COP;23/03/2025;FAC-3;PED-4183;9000000,00;Pendiente;Servicios Públicos;Fisica;Responsable 3
17/12/2024;NT0003;NIT0000000045;NextEra Energy;COP;14/03/2023;FAC-3;PED-4185;23000000,00;Pendiente;Energía;Fisica;Responsable 3
6/11/2025;NT0003;NIT0000000046;Exelon;COP;21/02/2022;FAC-3;PED-4186;18700000,00;Pendiente;Energía;Fisica;Responsable 3
8/11/2025;NT0003;NIT0000000047;EDF;COP;5/12/2025;FAC-3;PED-4187;19200000,00;Pendiente;Energía;Fisica;Responsable 3
26/11/2024;NT0003;NIT0000000049;Starbucks;COP;24/01/2024;FAC-3;PED-4189;5500000,00;Pendiente;Consultoría;Fisica;Responsable 3
10/02/2024;NT0003;NIT0000000050;Accenture;COP;20/09/2023;FAC-3;PED-4190;95000000,00;Pendiente;Servicios;Fisica;Responsable 3
13/12/2024;NT0003;NIT0000000051;Mondelez;COP;13/02/2022;FAC-3;PED-4191;13800000,00;Pendiente;Alimentación;Fisica;Responsable 3
18/12/2024;NT0003;NIT0000000052;KPMG;COP;21/09/2022;FAC-3;PED-4192;30000000,00;Pendiente;Servicios;Fisica;Responsable 3
20/10/2024;NT0003;NIT0000000053;Cisco;COP;1/11/2022;FAC-3;PED-4193;35000000,00;Pendiente;Tecnologia;Fisica;Responsable 3
8/03/2022;NT0003;NIT0000000056;Burger King;COP;23/04/2022;FAC-3;PED-4196;90000000,00;Pendiente;Consultoría;Fisica;Responsable 3
27/12/2023;NT0003;NIT0000000057;KFC;COP;29/09/2024;FAC-3;PED-4197;38000000,00;Pendiente;Consultoría;Fisica;Responsable 3
5/03/2024;NT0003;NIT0000000058;Capgemini;COP;20/06/2024;FAC-3;PED-4198;80000000,00;Pendiente;Servicios;Fisica;Responsable 3
2/07/2022;NT0003;NIT0000000059;Amazon;COP;18/01/2025;FAC-3;PED-4199;22000000,00;Pendiente;Tecnologia;Fisica;Responsable 3
24/02/2022;NT0003;NIT0000000060;Tostao;COP;3/04/2024;FAC-3;PED-4200;3800000,00;Pendiente;Consultoría;Fisica;Responsable 3
22/03/2023;NT0003;NIT0000000061;McDonald's;COP;12/06/2022;FAC-3;PED-4201;120000000,00;Pendiente;Consultoría;Fisica;Responsable 3
5/04/2022;NT0003;NIT0000000062;Bain;COP;28/12/2024;FAC-3;PED-4202;180000000,00;Pendiente;Servicios;Fisica;Responsable 3
11/07/2024;NT0003;NIT0000000063;Procter & Gamble;COP;16/05/2024;FAC-3;PED-4203;14400000,00;Pendiente;Alimentación;Fisica;Responsable 3
26/01/2023;NT0003;NIT0000000064;Securitas;COP;20/02/2024;FAC-3;PED-4204;8700000,00;Pendiente;Servicios Públicos;Fisica;Responsable 3
2/10/2022;NT0003;NIT0000000065;Crepes & Waffles;COP;2/02/2024;FAC-3;PED-4205;7500000,00;Pendiente;Consultoría;Fisica;Responsable 3
27/01/2022;NT0003;NIT0000000066;SAP;COP;30/09/2023;FAC-3;PED-4206;120000000,00;Pendiente;Tecnologia;Fisica;Responsable 3
20/09/2024;NT0003;NIT0000000067;Mitie;COP;12/11/2022;FAC-3;PED-4207;7500000,00;Pendiente;Servicios Públicos;Fisica;Responsable 3
17/10/2023;NT0003;NIT0000000068;EY;COP;14/10/2022;FAC-3;PED-4208;35000000,00;Pendiente;Servicios;Fisica;Responsable 3
4/08/2023;NT0003;NIT0000000069;BCG;COP;4/07/2023;FAC-3;PED-4209;100000000,00;Pendiente;Servicios;Fisica;Responsable 3
22/10/2025;NT0003;NIT0000000070;Google;COP;28/04/2022;FAC-3;PED-4210;15000000,00;Pendiente;Tecnologia;Fisica;Responsable 3
16/01/2025;NT0004;NIT0000000001;ABM;COP;7/07/2022;FAC-4;PED-4211;6200000,00;Pagada;Servicios Públicos;Electronica;Responsable 4
1/08/2025;NT0004;NIT0000000002;Subway;COP;24/03/2024;FAC-4;PED-4212;18000000,00;Pagada;Consultoría;Electronica;Responsable 4
22/03/2023;NT0004;NIT0000000003;Sodexo;COP;12/07/2024;FAC-4;PED-4213;11000000,00;Pagada;Servicios Públicos;Electronica;Responsable 4
25/08/2023;NT0004;NIT0000000005;ISS;COP;30/06/2022;FAC-4;PED-4215;9800000,00;Pagada;Servicios Públicos;Electronica;Responsable 4
20/07/2025;NT0004;NIT0000000006;Rentokil;COP;9/02/2023;FAC-4;PED-4216;1200000,00;Pagada;Servicios Públicos;Electronica;Responsable 4
9/12/2024;NT0004;NIT0000000008;IBM;COP;2/07/2022;FAC-4;PED-4218;75000000,00;Pagada;Tecnologia;Electronica;Responsable 4
30/05/2022;NT0004;NIT0000000009;Oma;COP;16/08/2022;FAC-4;PED-4219;3200000,00;Pagada;Consultoría;Electronica;Responsable 4
11/07/2025;NT0004;NIT0000000010;Deloitte;COP;15/09/2024;FAC-4;PED-4220;40000000,00;Pagada;Servicios;Electronica;Responsable 4
30/06/2022;NT0004;NIT0000000011;Apple;COP;14/04/2023;FAC-4;PED-4221;45000000,00;Pagada;Tecnologia;Electronica;Responsable 4
25/10/2023;NT0004;NIT0000000012;Intel;COP;26/07/2022;FAC-4;PED-4222;32000000,00;Pagada;Tecnologia;Electronica;Responsable 4
11/07/2025;NT0004;NIT0000000013;General Mills;COP;12/04/2025;FAC-4;PED-4223;13000000,00;Pagada;Alimentación;Electronica;Responsable 4
13/07/2024;NT0004;NIT0000000014;Unilever;COP;26/02/2025;FAC-4;PED-4224;16400000,00;Pagada;Alimentación;Electronica;Responsable 4
22/10/2023;NT0004;NIT0000000015;Dunkin Donuts;COP;25/08/2023;FAC-4;PED-4225;70000000,00;Pagada;Consultoría;Electronica;Responsable 4
24/07/2024;NT0004;NIT0000000017;Aramark;COP;14/09/2025;FAC-4;PED-4227;12000000,00;Pagada;Servicios Públicos;Electronica;Responsable 4
16/02/2024;NT0004;NIT0000000018;E.ON;COP;10/07/2024;FAC-4;PED-4228;18000000,00;Pagada;Energía;Electronica;Responsable 4
29/12/2022;NT0004;NIT0000000020;Iberdrola;COP;8/12/2024;FAC-4;PED-4230;17500000,00;Pagada;Energía;Electronica;Responsable 4
25/08/2025;NT0004;NIT0000000021;Engie;COP;31/07/2024;FAC-4;PED-4231;22000000,00;Pagada;Energía;Electronica;Responsable 4
27/06/2025;NT0004;NIT0000000023;TCS;COP;25/12/2023;FAC-4;PED-4233;120000000,00;Pagada;Servicios;Electronica;Responsable 4
18/06/2024;NT0004;NIT0000000024;PepsiCo;COP;3/06/2022;FAC-4;PED-4234;14000000,00;Pagada;Alimentación;Electronica;Responsable 4
9/01/2025;NT0004;NIT0000000025;PwC;COP;5/12/2022;FAC-4;PED-4235;28000000,00;Pagada;Servicios;Electronica;Responsable 4
28/12/2022;NT0004;NIT0000000027;Duke Energy;COP;5/07/2025;FAC-4;PED-4237;21500000,00;Pagada;Energía;Electronica;Responsable 4
21/10/2025;NT0004;NIT0000000028;McKinsey;COP;18/09/2024;FAC-4;PED-4238;150000000,00;Pagada;Servicios;Electronica;Responsable 4
18/09/2022;NT0004;NIT0000000029;Danone;COP;21/09/2022;FAC-4;PED-4239;11600000,00;Pagada;Alimentación;Electronica;Responsable 4
19/06/2025;NT0004;NIT0000000030;Facebook;COP;6/11/2022;FAC-4;PED-4240;5000000,00;Pagada;Tecnologia;Electronica;Responsable 4
18/04/2023;NT0004;NIT0000000031;Microsoft;COP;22/06/2025;FAC-4;PED-4241;54000000,00;Pagada;Tecnologia;Electronica;Responsable 4
13/07/2024;NT0004;NIT0000000032;Enel;COP;17/07/2023;FAC-4;PED-4242;20000000,00;Pagada;Energía;Electronica;Responsable 4
6/09/2022;NT0004;NIT0000000033;Coca-Cola;COP;24/05/2023;FAC-4;PED-4243;18000000,00;Pagada;Alimentación;Electronica;Responsable 4
25/05/2025;NT0004;NIT0000000035;Kellogg;COP;21/08/2025;FAC-4;PED-4245;12600000,00;Pagada;Alimentación;Electronica;Responsable 4
18/03/2025;NT0004;NIT0000000036;Southern Company;COP;14/06/2022;FAC-4;PED-4246;19800000,00;Pagada;Energía;Electronica;Responsable 4
20/01/2024;NT0004;NIT0000000037;Kraft Heinz;COP;20/09/2024;FAC-4;PED-4247;9000000,00;Pagada;Alimentación;Electronica;Responsable 4
8/09/2025;NT0004;NIT0000000038;G4S;COP;11/01/2025;FAC-4;PED-4248;8500000,00;Pagada;Servicios Públicos;Electronica;Responsable 4
12/12/2022;NT0004;NIT0000000040;RWE;COP;8/11/2023;FAC-4;PED-4250;19000000,00;Pagada;Energía;Electronica;Responsable 4
25/02/2024;NT0004;NIT0000000041;Juan Valdez;COP;1/11/2025;FAC-4;PED-4251;4200000,00;Pagada;Consultoría;Electronica;Responsable 4
5/10/2022;NT0004;NIT0000000042;Compass Group;COP;3/10/2022;FAC-4;PED-4252;10500000,00;Pagada;Servicios Públicos;Electronica;Responsable 4
21/07/2023;NT0004;NIT0000000043;Serco;COP;27/05/2022;FAC-4;PED-4253;9000000,00;Pagada;Servicios Públicos;Electronica;Responsable 4
6/08/2025;NT0004;NIT0000000045;NextEra Energy;COP;21/03/2024;FAC-4;PED-4255;23000000,00;Pagada;Energía;Electronica;Responsable 4
3/06/2023;NT0004;NIT0000000046;Exelon;COP;5/01/2022;FAC-4;PED-4256;37400000,00;Pagada;Energía;Electronica;Responsable 4
16/05/2022;NT0004;NIT0000000047;EDF;COP;12/07/2023;FAC-4;PED-4257;38400000,00;Pagada;Energía;Electronica;Responsable 4
9/09/2024;NT0004;NIT0000000048;Oracle;COP;11/09/2023;FAC-4;PED-4258;120000000,00;Pagada;Tecnologia;Electronica;Responsable 4
16/06/2022;NT0004;NIT0000000049;Starbucks;COP;23/08/2024;FAC-4;PED-4259;11000000,00;Pagada;Consultoría;Electronica;Responsable 4
5/07/2022;NT0004;NIT0000000050;Accenture;COP;14/12/2023;FAC-4;PED-4260;95000000,00;Pagada;Servicios;Electronica;Responsable 4
9/09/2022;NT0004;NIT0000000051;Mondelez;COP;16/11/2023;FAC-4;PED-4261;13800000,00;Pagada;Alimentación;Electronica;Responsable 4
9/07/2022;NT0004;NIT0000000052;KPMG;COP;28/12/2025;FAC-4;PED-4262;30000000,00;Pagada;Servicios;Electronica;Responsable 4
12/10/2024;NT0004;NIT0000000053;Cisco;COP;30/10/2023;FAC-4;PED-4263;35000000,00;Pagada;Tecnologia;Electronica;Responsable 4
1/07/2022;NT0004;NIT0000000056;Burger King;COP;21/06/2022;FAC-4;PED-4266;45000000,00;Pagada;Consultoría;Electronica;Responsable 4
30/06/2025;NT0004;NIT0000000057;KFC;COP;30/01/2023;FAC-4;PED-4267;76000000,00;Pagada;Consultoría;Electronica;Responsable 4
20/07/2024;NT0004;NIT0000000058;Capgemini;COP;16/08/2023;FAC-4;PED-4268;80000000,00;Pagada;Servicios;Electronica;Responsable 4
17/03/2023;NT0004;NIT0000000059;Amazon;COP;13/04/2024;FAC-4;PED-4269;22000000,00;Pagada;Tecnologia;Electronica;Responsable 4
7/10/2024;NT0004;NIT0000000060;Tostao;COP;28/04/2022;FAC-4;PED-4270;3800000,00;Pagada;Consultoría;Electronica;Responsable 4
19/04/2025;NT0004;NIT0000000061;McDonald's;COP;28/12/2025;FAC-4;PED-4271;120000000,00;Pagada;Consultoría;Electronica;Responsable 4
31/05/2022;NT0004;NIT0000000062;Bain;COP;6/08/2024;FAC-4;PED-4272;140000000,00;Pagada;Servicios;Electronica;Responsable 4
5/10/2022;NT0004;NIT0000000063;Procter & Gamble;COP;25/11/2025;FAC-4;PED-4273;14400000,00;Pagada;Alimentación;Electronica;Responsable 4
11/06/2023;NT0004;NIT0000000064;Securitas;COP;28/02/2025;FAC-4;PED-4274;8700000,00;Pagada;Servicios Públicos;Electronica;Responsable 4
27/12/2022;NT0004;NIT0000000065;Crepes & Waffles;COP;5/01/2023;FAC-4;PED-4275;7500000,00;Pagada;Consultoría;Electronica;Responsable 4
7/09/2023;NT0004;NIT0000000066;SAP;COP;7/05/2023;FAC-4;PED-4276;120000000,00;Pagada;Tecnologia;Electronica;Responsable 4
2/11/2025;NT0004;NIT0000000067;Mitie;COP;21/04/2024;FAC-4;PED-4277;7500000,00;Pagada;Servicios Públicos;Electronica;Responsable 4
18/07/2022;NT0004;NIT0000000068;EY;COP;3/04/2025;FAC-4;PED-4278;35000000,00;Pagada;Servicios;Electronica;Responsable 4
7/09/2024;NT0004;NIT0000000069;BCG;COP;28/09/2022;FAC-4;PED-4279;290000000,00;Pagada;Servicios;Electronica;Responsable 4
18/05/2025;NT0004;NIT0000000070;Google;COP;18/10/2024;FAC-4;PED-4280;15000000,00;Pagada;Tecnologia;Electronica;Responsable 4
7/08/2024;NT0005;NIT0000000001;ABM;COP;9/04/2025;FAC-5;PED-4281;6200000,00;Pendiente;Servicios Públicos;Fisica;Responsable 5
3/03/2022;NT0005;NIT0000000002;Subway;COP;18/09/2024;FAC-5;PED-4282;18000000,00;Pendiente;Consultoría;Fisica;Responsable 5
5/06/2022;NT0005;NIT0000000003;Sodexo;COP;2/12/2022;FAC-5;PED-4283;33000000,00;Pendiente;Servicios Públicos;Fisica;Responsable 5
20/08/2022;NT0005;NIT0000000005;ISS;COP;26/05/2025;FAC-5;PED-4285;9800000,00;Pendiente;Servicios Públicos;Fisica;Responsable 5
7/02/2024;NT0005;NIT0000000006;Rentokil;COP;18/02/2025;FAC-5;PED-4286;1200000,00;Pendiente;Servicios Públicos;Fisica;Responsable 5
23/02/2025;NT0005;NIT0000000008;IBM;COP;2/08/2025;FAC-5;PED-4288;75000000,00;Pendiente;Tecnologia;Fisica;Responsable 5
17/10/2025;NT0005;NIT0000000009;Oma;COP;15/01/2024;FAC-5;PED-4289;3200000,00;Pendiente;Consultoría;Fisica;Responsable 5
25/05/2025;NT0005;NIT0000000010;Deloitte;COP;14/11/2024;FAC-5;PED-4290;40000000,00;Pendiente;Servicios;Fisica;Responsable 5
23/03/2024;NT0005;NIT0000000011;Apple;COP;19/03/2025;FAC-5;PED-4291;45000000,00;Pendiente;Tecnologia;Fisica;Responsable 5
10/11/2024;NT0005;NIT0000000012;Intel;COP;19/10/2023;FAC-5;PED-4292;32000000,00;Pendiente;Tecnologia;Fisica;Responsable 5
28/04/2024;NT0005;NIT0000000013;General Mills;COP;22/04/2022;FAC-5;PED-4293;13000000,00;Pendiente;Alimentación;Fisica;Responsable 5
21/06/2024;NT0005;NIT0000000014;Unilever;COP;6/06/2023;FAC-5;PED-4294;16400000,00;Pendiente;Alimentación;Fisica;Responsable 5
26/12/2023;NT0005;NIT0000000015;Dunkin Donuts;COP;13/03/2022;FAC-5;PED-4295;70000000,00;Pendiente;Consultoría;Fisica;Responsable 5
14/09/2023;NT0005;NIT0000000017;Aramark;COP;12/01/2024;FAC-5;PED-4297;12000000,00;Pendiente;Servicios Públicos;Fisica;Responsable 5
22/05/2022;NT0005;NIT0000000018;E.ON;COP;20/06/2023;FAC-5;PED-4298;36000000,00;Pendiente;Energía;Fisica;Responsable 5
11/06/2025;NT0005;NIT0000000020;Iberdrola;COP;15/01/2023;FAC-5;PED-4300;35000000,00;Pendiente;Energía;Fisica;Responsable 5
19/03/2023;NT0005;NIT0000000021;Engie;COP;8/12/2025;FAC-5;PED-4301;22000000,00;Pendiente;Energía;Fisica;Responsable 5
9/02/2025;NT0005;NIT0000000023;TCS;COP;16/08/2022;FAC-5;PED-4303;120000000,00;Pendiente;Servicios;Fisica;Responsable 5
20/01/2022;NT0005;NIT0000000024;PepsiCo;COP;11/02/2024;FAC-5;PED-4304;14000000,00;Pendiente;Alimentación;Fisica;Responsable 5
27/09/2023;NT0005;NIT0000000025;PwC;COP;9/04/2023;FAC-5;PED-4305;28000000,00;Pendiente;Servicios;Fisica;Responsable 5
1/11/2022;NT0005;NIT0000000027;Duke Energy;COP;29/10/2025;FAC-5;PED-4307;21500000,00;Pendiente;Energía;Fisica;Responsable 5
7/04/2025;NT0005;NIT0000000028;McKinsey;COP;29/08/2025;FAC-5;PED-4308;150000000,00;Pendiente;Servicios;Fisica;Responsable 5
22/05/2025;NT0005;NIT0000000029;Danone;COP;21/12/2022;FAC-5;PED-4309;11600000,00;Pendiente;Alimentación;Fisica;Responsable 5
7/03/2023;NT0005;NIT0000000030;Facebook;COP;24/08/2024;FAC-5;PED-4310;5000000,00;Pendiente;Tecnologia;Fisica;Responsable 5
24/01/2025;NT0005;NIT0000000031;Microsoft;COP;13/03/2024;FAC-5;PED-4311;54000000,00;Pendiente;Tecnologia;Fisica;Responsable 5
7/08/2023;NT0005;NIT0000000032;Enel;COP;24/06/2024;FAC-5;PED-4312;20000000,00;Pendiente;Energía;Fisica;Responsable 5
11/02/2022;NT0005;NIT0000000033;Coca-Cola;COP;3/06/2024;FAC-5;PED-4313;9000000,00;Pendiente;Alimentación;Fisica;Responsable 5
29/08/2024;NT0005;NIT0000000035;Kellogg;COP;14/09/2022;FAC-5;PED-4315;6300000,00;Pendiente;Alimentación;Fisica;Responsable 5
24/05/2023;NT0005;NIT0000000036;Southern Company;COP;31/05/2022;FAC-5;PED-4316;39600000,00;Pendiente;Energía;Fisica;Responsable 5
6/02/2025;NT0005;NIT0000000037;Kraft Heinz;COP;19/11/2024;FAC-5;PED-4317;4500000,00;Pendiente;Alimentación;Fisica;Responsable 5
27/06/2025;NT0005;NIT0000000038;G4S;COP;27/05/2025;FAC-5;PED-4318;8500000,00;Pendiente;Servicios Públicos;Fisica;Responsable 5
4/05/2022;NT0005;NIT0000000040;RWE;COP;16/04/2025;FAC-5;PED-4320;19000000,00;Pendiente;Energía;Fisica;Responsable 5
23/12/2025;NT0005;NIT0000000041;Juan Valdez;COP;5/08/2023;FAC-5;PED-4321;4200000,00;Pendiente;Consultoría;Fisica;Responsable 5
16/07/2022;NT0005;NIT0000000042;Compass Group;COP;5/07/2023;FAC-5;PED-4322;10500000,00;Pendiente;Servicios Públicos;Fisica;Responsable 5
24/02/2022;NT0005;NIT0000000043;Serco;COP;23/12/2025;FAC-5;PED-4323;9000000,00;Pendiente;Servicios Públicos;Fisica;Responsable 5
18/02/2023;NT0005;NIT0000000045;NextEra Energy;COP;28/03/2025;FAC-5;PED-4325;23000000,00;Pendiente;Energía;Fisica;Responsable 5
30/07/2022;NT0005;NIT0000000046;Exelon;COP;28/01/2024;FAC-5;PED-4326;18700000,00;Pendiente;Energía;Fisica;Responsable 5
20/03/2025;NT0005;NIT0000000047;EDF;COP;6/03/2024;FAC-5;PED-4327;19200000,00;Pendiente;Energía;Fisica;Responsable 5
6/11/2023;NT0005;NIT0000000048;Oracle;COP;12/03/2022;FAC-5;PED-4328;120000000,00;Pendiente;Tecnologia;Fisica;Responsable 5
16/04/2023;NT0005;NIT0000000049;Starbucks;COP;21/09/2023;FAC-5;PED-4329;11000000,00;Pendiente;Consultoría;Fisica;Responsable 5
17/10/2023;NT0005;NIT0000000050;Accenture;COP;19/08/2025;FAC-5;PED-4330;95000000,00;Pendiente;Servicios;Fisica;Responsable 5
11/10/2025;NT0005;NIT0000000051;Mondelez;COP;7/02/2024;FAC-5;PED-4331;6900000,00;Pendiente;Alimentación;Fisica;Responsable 5
22/10/2022;NT0005;NIT0000000052;KPMG;COP;20/07/2025;FAC-5;PED-4332;30000000,00;Pendiente;Servicios;Fisica;Responsable 5
9/03/2022;NT0005;NIT0000000053;Cisco;COP;4/04/2023;FAC-5;PED-4333;35000000,00;Pendiente;Tecnologia;Fisica;Responsable 5
15/06/2024;NT0005;NIT0000000056;Burger King;COP;4/09/2022;FAC-5;PED-4336;45000000,00;Pendiente;Consultoría;Fisica;Responsable 5
20/01/2025;NT0005;NIT0000000057;KFC;COP;3/09/2022;FAC-5;PED-4337;76000000,00;Pendiente;Consultoría;Fisica;Responsable 5
26/08/2025;NT0005;NIT0000000058;Capgemini;COP;30/04/2025;FAC-5;PED-4338;80000000,00;Pendiente;Servicios;Fisica;Responsable 5
4/01/2023;NT0005;NIT0000000059;Amazon;COP;23/01/2025;FAC-5;PED-4339;22000000,00;Pendiente;Tecnologia;Fisica;Responsable 5
15/11/2024;NT0005;NIT0000000060;Tostao;COP;12/03/2023;FAC-5;PED-4340;3800000,00;Pendiente;Consultoría;Fisica;Responsable 5
31/10/2022;NT0005;NIT0000000061;McDonald's;COP;9/10/2023;FAC-5;PED-4341;120000000,00;Pendiente;Consultoría;Fisica;Responsable 5
15/12/2022;NT0005;NIT0000000062;Bain;COP;8/12/2023;FAC-5;PED-4342;140000000,00;Pendiente;Servicios;Fisica;Responsable 5
15/01/2023;NT0005;NIT0000000063;Procter & Gamble;COP;9/01/2023;FAC-5;PED-4343;7200000,00;Pendiente;Alimentación;Fisica;Responsable 5
8/04/2025;NT0005;NIT0000000064;Securitas;COP;18/02/2025;FAC-5;PED-4344;8700000,00;Pendiente;Servicios Públicos;Fisica;Responsable 5
9/12/2024;NT0005;NIT0000000065;Crepes & Waffles;COP;13/02/2025;FAC-5;PED-4345;7500000,00;Pendiente;Consultoría;Fisica;Responsable 5
6/11/2025;NT0005;NIT0000000066;SAP;COP;18/12/2024;FAC-5;PED-4346;120000000,00;Pendiente;Tecnologia;Fisica;Responsable 5
5/01/2022;NT0005;NIT0000000067;Mitie;COP;5/05/2022;FAC-5;PED-4347;7500000,00;Pendiente;Servicios Públicos;Fisica;Responsable 5
26/04/2023;NT0005;NIT0000000068;EY;COP;9/02/2022;FAC-5;PED-4348;35000000,00;Pendiente;Servicios;Fisica;Responsable 5
15/03/2022;NT0005;NIT0000000069;BCG;COP;1/03/2024;FAC-5;PED-4349;145000000,00;Pendiente;Servicios;Fisica;Responsable 5
26/01/2024;NT0005;NIT0000000070;Google;COP;9/03/2024;FAC-5;PED-4350;15000000,00;Pendiente;Tecnologia;Fisica;Responsable 5
18/03/2023;NT0006;NIT0000000001;ABM;COP;18/02/2022;FAC-6;PED-4351;6200000,00;Pagada;Servicios Públicos;Electronica;Responsable 6
24/05/2024;NT0006;NIT0000000002;Subway;COP;4/08/2023;FAC-6;PED-4352;18000000,00;Pagada;Consultoría;Electronica;Responsable 6
15/02/2024;NT0006;NIT0000000003;Sodexo;COP;23/04/2024;FAC-6;PED-4353;11000000,00;Pagada;Servicios Públicos;Electronica;Responsable 6
18/06/2023;NT0006;NIT0000000005;ISS;COP;21/07/2024;FAC-6;PED-4355;9800000,00;Pagada;Servicios Públicos;Electronica;Responsable 6
8/05/2023;NT0006;NIT0000000006;Rentokil;COP;15/06/2025;FAC-6;PED-4356;1200000,00;Pagada;Servicios Públicos;Electronica;Responsable 6
12/02/2023;NT0006;NIT0000000008;IBM;COP;1/07/2022;FAC-6;PED-4358;75000000,00;Pagada;Tecnologia;Electronica;Responsable 6
27/09/2023;NT0006;NIT0000000009;Oma;COP;9/05/2022;FAC-6;PED-4359;3200000,00;Pagada;Consultoría;Electronica;Responsable 6
18/10/2024;NT0006;NIT0000000010;Deloitte;COP;30/06/2025;FAC-6;PED-4360;40000000,00;Pagada;Servicios;Electronica;Responsable 6
16/03/2025;NT0006;NIT0000000011;Apple;COP;8/08/2024;FAC-6;PED-4361;45000000,00;Pagada;Tecnologia;Electronica;Responsable 6
7/12/2022;NT0006;NIT0000000012;Intel;COP;17/12/2022;FAC-6;PED-4362;32000000,00;Pagada;Tecnologia;Electronica;Responsable 6
23/09/2024;NT0006;NIT0000000013;General Mills;COP;19/04/2025;FAC-6;PED-4363;6500000,00;Pagada;Alimentación;Electronica;Responsable 6
29/01/2023;NT0006;NIT0000000014;Unilever;COP;18/11/2022;FAC-6;PED-4364;8200000,00;Pagada;Alimentación;Electronica;Responsable 6
15/07/2025;NT0006;NIT0000000015;Dunkin Donuts;COP;10/02/2024;FAC-6;PED-4365;35000000,00;Pagada;Consultoría;Electronica;Responsable 6
6/09/2023;NT0006;NIT0000000017;Aramark;COP;26/05/2025;FAC-6;PED-4367;12000000,00;Pagada;Servicios Públicos;Electronica;Responsable 6
24/04/2023;NT0006;NIT0000000018;E.ON;COP;14/06/2022;FAC-6;PED-4368;18000000,00;Pagada;Energía;Electronica;Responsable 6
2/04/2024;NT0006;NIT0000000020;Iberdrola;COP;4/03/2022;FAC-6;PED-4370;17500000,00;Pagada;Energía;Electronica;Responsable 6
11/10/2024;NT0006;NIT0000000021;Engie;COP;26/02/2022;FAC-6;PED-4371;22000000,00;Pagada;Energía;Electronica;Responsable 6
9/10/2024;NT0006;NIT0000000023;TCS;COP;25/06/2022;FAC-6;PED-4373;120000000,00;Pagada;Servicios;Electronica;Responsable 6
29/01/2023;NT0006;NIT0000000024;PepsiCo;COP;22/06/2023;FAC-6;PED-4374;7000000,00;Pagada;Alimentación;Electronica;Responsable 6
3/01/2024;NT0006;NIT0000000025;PwC;COP;20/11/2024;FAC-6;PED-4375;28000000,00;Pagada;Servicios;Electronica;Responsable 6
18/12/2023;NT0006;NIT0000000027;Duke Energy;COP;14/10/2024;FAC-6;PED-4377;21500000,00;Pagada;Energía;Electronica;Responsable 6
11/08/2025;NT0006;NIT0000000028;McKinsey;COP;27/12/2025;FAC-6;PED-4378;150000000,00;Pagada;Servicios;Electronica;Responsable 6
25/11/2022;NT0006;NIT0000000029;Danone;COP;11/09/2024;FAC-6;PED-4379;5800000,00;Pagada;Alimentación;Electronica;Responsable 6
9/08/2024;NT0006;NIT0000000030;Facebook;COP;24/09/2022;FAC-6;PED-4380;5000000,00;Pagada;Tecnologia;Electronica;Responsable 6
26/07/2024;NT0006;NIT0000000031;Microsoft;COP;25/11/2024;FAC-6;PED-4381;54000000,00;Pagada;Tecnologia;Electronica;Responsable 6
29/06/2023;NT0006;NIT0000000032;Enel;COP;3/05/2024;FAC-6;PED-4382;20000000,00;Pagada;Energía;Electronica;Responsable 6
29/10/2024;NT0006;NIT0000000033;Coca-Cola;COP;7/04/2025;FAC-6;PED-4383;18000000,00;Pagada;Alimentación;Electronica;Responsable 6
11/06/2024;NT0006;NIT0000000035;Kellogg;COP;9/01/2024;FAC-6;PED-4385;18900000,00;Pagada;Alimentación;Electronica;Responsable 6
20/07/2023;NT0006;NIT0000000036;Southern Company;COP;11/05/2024;FAC-6;PED-4386;19800000,00;Pagada;Energía;Electronica;Responsable 6
4/10/2023;NT0006;NIT0000000037;Kraft Heinz;COP;9/08/2022;FAC-6;PED-4387;9000000,00;Pagada;Alimentación;Electronica;Responsable 6
11/01/2025;NT0006;NIT0000000038;G4S;COP;31/10/2023;FAC-6;PED-4388;8500000,00;Pagada;Servicios Públicos;Electronica;Responsable 6
21/01/2023;NT0006;NIT0000000040;RWE;COP;22/01/2025;FAC-6;PED-4390;19000000,00;Pagada;Energía;Electronica;Responsable 6
13/03/2025;NT0006;NIT0000000041;Juan Valdez;COP;19/01/2024;FAC-6;PED-4391;4200000,00;Pagada;Consultoría;Electronica;Responsable 6
5/12/2022;NT0006;NIT0000000042;Compass Group;COP;1/02/2024;FAC-6;PED-4392;10500000,00;Pagada;Servicios Públicos;Electronica;Responsable 6
12/08/2023;NT0006;NIT0000000043;Serco;COP;8/03/2022;FAC-6;PED-4393;9000000,00;Pagada;Servicios Públicos;Electronica;Responsable 6
14/05/2023;NT0006;NIT0000000045;NextEra Energy;COP;23/03/2022;FAC-6;PED-4395;23000000,00;Pagada;Energía;Electronica;Responsable 6
25/03/2022;NT0006;NIT0000000046;Exelon;COP;31/01/2024;FAC-6;PED-4396;18700000,00;Pagada;Energía;Electronica;Responsable 6
12/07/2023;NT0006;NIT0000000047;EDF;COP;20/03/2023;FAC-6;PED-4397;19200000,00;Pagada;Energía;Electronica;Responsable 6
15/06/2025;NT0006;NIT0000000048;Oracle;COP;24/04/2022;FAC-6;PED-4398;120000000,00;Pagada;Tecnologia;Electronica;Responsable 6
17/12/2022;NT0006;NIT0000000049;Starbucks;COP;31/08/2025;FAC-6;PED-4399;5500000,00;Pagada;Consultoría;Electronica;Responsable 6
13/06/2023;NT0006;NIT0000000050;Accenture;COP;27/01/2025;FAC-6;PED-4400;95000000,00;Pagada;Servicios;Electronica;Responsable 6
6/01/2025;NT0006;NIT0000000051;Mondelez;COP;15/12/2022;FAC-6;PED-4401;20700000,00;Pagada;Alimentación;Electronica;Responsable 6
29/01/2024;NT0006;NIT0000000052;KPMG;COP;29/01/2022;FAC-6;PED-4402;30000000,00;Pagada;Servicios;Electronica;Responsable 6
11/11/2025;NT0006;NIT0000000053;Cisco;COP;7/03/2022;FAC-6;PED-4403;35000000,00;Pagada;Tecnologia;Electronica;Responsable 6
26/02/2022;NT0006;NIT0000000056;Burger King;COP;21/01/2022;FAC-6;PED-4406;45000000,00;Pagada;Consultoría;Electronica;Responsable 6
13/04/2025;NT0006;NIT0000000057;KFC;COP;1/04/2024;FAC-6;PED-4407;38000000,00;Pagada;Consultoría;Electronica;Responsable 6
25/03/2023;NT0006;NIT0000000058;Capgemini;COP;7/06/2023;FAC-6;PED-4408;80000000,00;Pagada;Servicios;Electronica;Responsable 6
13/07/2025;NT0006;NIT0000000059;Amazon;COP;19/11/2023;FAC-6;PED-4409;22000000,00;Pagada;Tecnologia;Electronica;Responsable 6
18/04/2025;NT0006;NIT0000000060;Tostao;COP;11/10/2023;FAC-6;PED-4410;3800000,00;Pagada;Consultoría;Electronica;Responsable 6
20/09/2025;NT0006;NIT0000000061;McDonald's;COP;17/10/2024;FAC-6;PED-4411;60000000,00;Pagada;Consultoría;Electronica;Responsable 6
28/01/2022;NT0006;NIT0000000062;Bain;COP;7/02/2023;FAC-6;PED-4412;140000000,00;Pagada;Servicios;Electronica;Responsable 6
10/05/2022;NT0006;NIT0000000063;Procter & Gamble;COP;19/07/2023;FAC-6;PED-4413;21600000,00;Pagada;Alimentación;Electronica;Responsable 6
5/06/2023;NT0006;NIT0000000064;Securitas;COP;14/10/2022;FAC-6;PED-4414;8700000,00;Pagada;Servicios Públicos;Electronica;Responsable 6
19/04/2023;NT0006;NIT0000000065;Crepes & Waffles;COP;24/04/2024;FAC-6;PED-4415;7500000,00;Pagada;Consultoría;Electronica;Responsable 6
14/10/2025;NT0006;NIT0000000066;SAP;COP;10/06/2024;FAC-6;PED-4416;120000000,00;Pagada;Tecnologia;Electronica;Responsable 6
17/09/2023;NT0006;NIT0000000067;Mitie;COP;6/09/2023;FAC-6;PED-4417;7500000,00;Pagada;Servicios Públicos;Electronica;Responsable 6
11/01/2023;NT0006;NIT0000000068;EY;COP;6/02/2023;FAC-6;PED-4418;35000000,00;Pagada;Servicios;Electronica;Responsable 6
29/01/2025;NT0006;NIT0000000069;BCG;COP;2/08/2022;FAC-6;PED-4419;145000000,00;Pagada;Servicios;Electronica;Responsable 6
10/01/2025;NT0006;NIT0000000070;Google;COP;16/08/2024;FAC-6;PED-4420;15000000,00;Pagada;Tecnologia;Electronica;Responsable 6
28/07/2025;NT0007;NIT0000000001;ABM;COP;13/04/2022;FAC-7;PED-4421;6200000,00;Pendiente;Servicios Públicos;Fisica;Responsable 7
27/10/2025;NT0007;NIT0000000002;Subway;COP;19/06/2023;FAC-7;PED-4422;9000000,00;Pendiente;Consultoría;Fisica;Responsable 7
22/10/2024;NT0007;NIT0000000003;Sodexo;COP;30/10/2023;FAC-7;PED-4423;55000000,00;Pendiente;Servicios Públicos;Fisica;Responsable 7
19/08/2025;NT0007;NIT0000000005;ISS;COP;18/06/2025;FAC-7;PED-4425;39200000,00;Pendiente;Servicios Públicos;Fisica;Responsable 7
16/03/2023;NT0007;NIT0000000006;Rentokil;COP;14/06/2024;FAC-7;PED-4426;1200000,00;Pendiente;Servicios Públicos;Fisica;Responsable 7
5/02/2025;NT0007;NIT0000000008;IBM;COP;14/02/2023;FAC-7;PED-4428;75000000,00;Pendiente;Tecnologia;Fisica;Responsable 7
27/03/2025;NT0007;NIT0000000009;Oma;COP;17/05/2022;FAC-7;PED-4429;3200000,00;Pendiente;Consultoría;Fisica;Responsable 7
2/04/2023;NT0007;NIT0000000010;Deloitte;COP;30/01/2025;FAC-7;PED-4430;40000000,00;Pendiente;Servicios;Fisica;Responsable 7
16/11/2022;NT0007;NIT0000000011;Apple;COP;6/01/2024;FAC-7;PED-4431;45000000,00;Pendiente;Tecnologia;Fisica;Responsable 7
7/06/2025;NT0007;NIT0000000012;Intel;COP;27/01/2023;FAC-7;PED-4432;32000000,00;Pendiente;Tecnologia;Fisica;Responsable 7
4/03/2022;NT0007;NIT0000000013;General Mills;COP;10/07/2023;FAC-7;PED-4433;19500000,00;Pendiente;Alimentación;Fisica;Responsable 7
24/10/2022;NT0007;NIT0000000014;Unilever;COP;1/02/2025;FAC-7;PED-4434;24600000,00;Pendiente;Alimentación;Fisica;Responsable 7
1/06/2025;NT0007;NIT0000000015;Dunkin Donuts;COP;3/10/2022;FAC-7;PED-4435;35000000,00;Pendiente;Consultoría;Fisica;Responsable 7
14/07/2023;NT0007;NIT0000000017;Aramark;COP;15/08/2025;FAC-7;PED-4437;12000000,00;Pendiente;Servicios Públicos;Fisica;Responsable 7
6/10/2024;NT0007;NIT0000000018;E.ON;COP;12/02/2022;FAC-7;PED-4438;18000000,00;Pendiente;Energía;Fisica;Responsable 7
13/02/2025;NT0007;NIT0000000020;Iberdrola;COP;3/12/2023;FAC-7;PED-4440;17500000,00;Pendiente;Energía;Fisica;Responsable 7
19/06/2023;NT0007;NIT0000000021;Engie;COP;4/01/2025;FAC-7;PED-4441;22000000,00;Pendiente;Energía;Fisica;Responsable 7
11/03/2022;NT0007;NIT0000000023;TCS;COP;29/08/2024;FAC-7;PED-4443;120000000,00;Pendiente;Servicios;Fisica;Responsable 7
13/06/2025;NT0007;NIT0000000024;PepsiCo;COP;6/03/2023;FAC-7;PED-4444;14000000,00;Pendiente;Alimentación;Fisica;Responsable 7
1/11/2024;NT0007;NIT0000000025;PwC;COP;12/07/2023;FAC-7;PED-4445;28000000,00;Pendiente;Servicios;Fisica;Responsable 7
5/12/2024;NT0007;NIT0000000027;Duke Energy;COP;18/10/2025;FAC-7;PED-4447;21500000,00;Pendiente;Energía;Fisica;Responsable 7
28/07/2023;NT0007;NIT0000000028;McKinsey;COP;2/05/2025;FAC-7;PED-4448;150000000,00;Pendiente;Servicios;Fisica;Responsable 7
2/11/2023;NT0007;NIT0000000029;Danone;COP;23/11/2023;FAC-7;PED-4449;11600000,00;Pendiente;Alimentación;Fisica;Responsable 7
11/09/2022;NT0007;NIT0000000030;Facebook;COP;22/01/2025;FAC-7;PED-4450;5000000,00;Pendiente;Tecnologia;Fisica;Responsable 7
3/10/2022;NT0007;NIT0000000031;Microsoft;COP;21/09/2022;FAC-7;PED-4451;54000000,00;Pendiente;Tecnologia;Fisica;Responsable 7
1/02/2023;NT0007;NIT0000000032;Enel;COP;25/02/2023;FAC-7;PED-4452;20000000,00;Pendiente;Energía;Fisica;Responsable 7
20/06/2022;NT0007;NIT0000000033;Coca-Cola;COP;14/06/2022;FAC-7;PED-4453;18000000,00;Pendiente;Alimentación;Fisica;Responsable 7
16/07/2022;NT0007;NIT0000000035;Kellogg;COP;20/09/2023;FAC-7;PED-4455;12600000,00;Pendiente;Alimentación;Fisica;Responsable 7
12/10/2024;NT0007;NIT0000000036;Southern Company;COP;15/12/2023;FAC-7;PED-4456;19800000,00;Pendiente;Energía;Fisica;Responsable 7
7/12/2025;NT0007;NIT0000000037;Kraft Heinz;COP;3/01/2024;FAC-7;PED-4457;9000000,00;Pendiente;Alimentación;Fisica;Responsable 7
7/06/2022;NT0007;NIT0000000038;G4S;COP;6/03/2024;FAC-7;PED-4458;8500000,00;Pendiente;Servicios Públicos;Fisica;Responsable 7
10/09/2023;NT0007;NIT0000000040;RWE;COP;5/03/2023;FAC-7;PED-4460;19000000,00;Pendiente;Energía;Fisica;Responsable 7
25/01/2025;NT0007;NIT0000000041;Juan Valdez;COP;26/11/2024;FAC-7;PED-4461;4200000,00;Pendiente;Consultoría;Fisica;Responsable 7
17/11/2023;NT0007;NIT0000000042;Compass Group;COP;29/05/2025;FAC-7;PED-4462;10500000,00;Pendiente;Servicios Públicos;Fisica;Responsable 7
11/09/2023;NT0007;NIT0000000043;Serco;COP;17/05/2023;FAC-7;PED-4463;9000000,00;Pendiente;Servicios Públicos;Fisica;Responsable 7
15/05/2025;NT0007;NIT0000000045;NextEra Energy;COP;3/03/2022;FAC-7;PED-4465;23000000,00;Pendiente;Energía;Fisica;Responsable 7
22/04/2025;NT0007;NIT0000000046;Exelon;COP;18/05/2022;FAC-7;PED-4466;18700000,00;Pendiente;Energía;Fisica;Responsable 7
17/01/2025;NT0007;NIT0000000047;EDF;COP;25/06/2025;FAC-7;PED-4467;19200000,00;Pendiente;Energía;Fisica;Responsable 7
29/12/2022;NT0007;NIT0000000048;Oracle;COP;18/05/2023;FAC-7;PED-4468;120000000,00;Pendiente;Tecnologia;Fisica;Responsable 7
7/03/2023;NT0007;NIT0000000049;Starbucks;COP;23/01/2024;FAC-7;PED-4469;11000000,00;Pendiente;Consultoría;Fisica;Responsable 7
20/10/2024;NT0007;NIT0000000050;Accenture;COP;7/07/2022;FAC-7;PED-4470;95000000,00;Pendiente;Servicios;Fisica;Responsable 7
3/04/2024;NT0007;NIT0000000051;Mondelez;COP;16/07/2023;FAC-7;PED-4471;13800000,00;Pendiente;Alimentación;Fisica;Responsable 7
18/12/2022;NT0007;NIT0000000052;KPMG;COP;26/11/2025;FAC-7;PED-4472;30000000,00;Pendiente;Servicios;Fisica;Responsable 7
14/12/2024;NT0007;NIT0000000053;Cisco;COP;13/05/2025;FAC-7;PED-4473;35000000,00;Pendiente;Tecnologia;Fisica;Responsable 7
25/12/2025;NT0007;NIT0000000056;Burger King;COP;4/08/2023;FAC-7;PED-4476;90000000,00;Pendiente;Consultoría;Fisica;Responsable 7
30/10/2025;NT0007;NIT0000000057;KFC;COP;8/05/2023;FAC-7;PED-4477;76000000,00;Pendiente;Consultoría;Fisica;Responsable 7
13/05/2024;NT0007;NIT0000000058;Capgemini;COP;14/08/2022;FAC-7;PED-4478;80000000,00;Pendiente;Servicios;Fisica;Responsable 7
24/05/2023;NT0007;NIT0000000059;Amazon;COP;5/10/2022;FAC-7;PED-4479;22000000,00;Pendiente;Tecnologia;Fisica;Responsable 7
16/12/2023;NT0007;NIT0000000060;Tostao;COP;7/06/2024;FAC-7;PED-4480;7600000,00;Pendiente;Consultoría;Fisica;Responsable 7
22/05/2023;NT0007;NIT0000000061;McDonald's;COP;14/03/2023;FAC-7;PED-4481;120000000,00;Pendiente;Consultoría;Fisica;Responsable 7
16/12/2025;NT0007;NIT0000000062;Bain;COP;28/05/2022;FAC-7;PED-4482;140000000,00;Pendiente;Servicios;Fisica;Responsable 7
8/07/2025;NT0007;NIT0000000063;Procter & Gamble;COP;28/03/2022;FAC-7;PED-4483;7200000,00;Pendiente;Alimentación;Fisica;Responsable 7
22/12/2025;NT0007;NIT0000000064;Securitas;COP;29/09/2023;FAC-7;PED-4484;8700000,00;Pendiente;Servicios Públicos;Fisica;Responsable 7
21/07/2024;NT0007;NIT0000000065;Crepes & Waffles;COP;21/04/2024;FAC-7;PED-4485;22500000,00;Pendiente;Consultoría;Fisica;Responsable 7
31/08/2024;NT0007;NIT0000000066;SAP;COP;8/01/2024;FAC-7;PED-4486;240000000,00;Pendiente;Tecnologia;Fisica;Responsable 7
16/03/2022;NT0007;NIT0000000067;Mitie;COP;22/01/2024;FAC-7;PED-4487;7500000,00;Pendiente;Servicios Públicos;Fisica;Responsable 7
28/02/2023;NT0007;NIT0000000068;EY;COP;18/05/2024;FAC-7;PED-4488;35000000,00;Pendiente;Servicios;Fisica;Responsable 7
1/01/2024;NT0007;NIT0000000069;BCG;COP;3/08/2023;FAC-7;PED-4489;145000000,00;Pendiente;Servicios;Fisica;Responsable 7
18/04/2025;NT0007;NIT0000000070;Google;COP;16/11/2022;FAC-7;PED-4490;15000000,00;Pendiente;Tecnologia;Fisica;Responsable 7
24/05/2022;NT0008;NIT0000000001;ABM;COP;16/07/2022;FAC-8;PED-4491;6200000,00;Pagada;Servicios Públicos;Electronica;Responsable 8
25/10/2025;NT0008;NIT0000000002;Subway;COP;21/03/2025;FAC-8;PED-4492;27000000,00;Pagada;Consultoría;Electronica;Responsable 8
31/01/2023;NT0008;NIT0000000003;Sodexo;COP;11/05/2022;FAC-8;PED-4493;11000000,00;Pagada;Servicios Públicos;Electronica;Responsable 8
22/04/2022;NT0008;NIT0000000005;ISS;COP;21/02/2022;FAC-8;PED-4495;9800000,00;Pagada;Servicios Públicos;Electronica;Responsable 8
5/05/2023;NT0008;NIT0000000006;Rentokil;COP;7/04/2022;FAC-8;PED-4496;1200000,00;Pagada;Servicios Públicos;Electronica;Responsable 8
20/06/2022;NT0008;NIT0000000008;IBM;COP;29/01/2023;FAC-8;PED-4498;50000000,00;Pagada;Tecnologia;Electronica;Responsable 8
3/12/2025;NT0008;NIT0000000009;Oma;COP;7/10/2025;FAC-8;PED-4499;3200000,00;Pagada;Consultoría;Electronica;Responsable 8
14/06/2024;NT0008;NIT0000000010;Deloitte;COP;14/09/2025;FAC-8;PED-4500;40000000,00;Pagada;Servicios;Electronica;Responsable 8
4/07/2023;NT0008;NIT0000000011;Apple;COP;12/05/2022;FAC-8;PED-4501;45000000,00;Pagada;Tecnologia;Electronica;Responsable 8
18/04/2024;NT0008;NIT0000000012;Intel;COP;6/11/2023;FAC-8;PED-4502;32000000,00;Pagada;Tecnologia;Electronica;Responsable 8
21/08/2025;NT0008;NIT0000000013;General Mills;COP;17/06/2025;FAC-8;PED-4503;6500000,00;Pagada;Alimentación;Electronica;Responsable 8
10/12/2024;NT0008;NIT0000000014;Unilever;COP;1/07/2025;FAC-8;PED-4504;8200000,00;Pagada;Alimentación;Electronica;Responsable 8
11/11/2022;NT0008;NIT0000000015;Dunkin Donuts;COP;18/09/2025;FAC-8;PED-4505;35000000,00;Pagada;Consultoría;Electronica;Responsable 8
16/08/2022;NT0008;NIT0000000017;Aramark;COP;20/09/2025;FAC-8;PED-4507;12000000,00;Pagada;Servicios Públicos;Electronica;Responsable 8
28/07/2025;NT0008;NIT0000000018;E.ON;COP;29/09/2023;FAC-8;PED-4508;18000000,00;Pagada;Energía;Electronica;Responsable 8
1/11/2023;NT0008;NIT0000000020;Iberdrola;COP;31/08/2023;FAC-8;PED-4510;17500000,00;Pagada;Energía;Electronica;Responsable 8
16/06/2025;NT0008;NIT0000000021;Engie;COP;24/08/2024;FAC-8;PED-4511;22000000,00;Pagada;Energía;Electronica;Responsable 8
24/03/2022;NT0008;NIT0000000023;TCS;COP;3/01/2022;FAC-8;PED-4513;120000000,00;Pagada;Servicios;Electronica;Responsable 8
29/03/2023;NT0008;NIT0000000024;PepsiCo;COP;13/10/2022;FAC-8;PED-4514;7000000,00;Pagada;Alimentación;Electronica;Responsable 8
15/01/2025;NT0008;NIT0000000025;PwC;COP;5/12/2025;FAC-8;PED-4515;28000000,00;Pagada;Servicios;Electronica;Responsable 8
26/02/2022;NT0008;NIT0000000027;Duke Energy;COP;16/05/2023;FAC-8;PED-4517;21500000,00;Pagada;Energía;Electronica;Responsable 8
15/05/2023;NT0008;NIT0000000028;McKinsey;COP;30/11/2025;FAC-8;PED-4518;150000000,00;Pagada;Servicios;Electronica;Responsable 8
29/10/2025;NT0008;NIT0000000029;Danone;COP;1/12/2022;FAC-8;PED-4519;5800000,00;Pagada;Alimentación;Electronica;Responsable 8
31/07/2022;NT0008;NIT0000000030;Facebook;COP;27/12/2022;FAC-8;PED-4520;5000000,00;Pagada;Tecnologia;Electronica;Responsable 8
17/01/2025;NT0008;NIT0000000031;Microsoft;COP;27/01/2024;FAC-8;PED-4521;36000000,00;Pagada;Tecnologia;Electronica;Responsable 8
23/12/2023;NT0008;NIT0000000032;Enel;COP;3/04/2025;FAC-8;PED-4522;20000000,00;Pagada;Energía;Electronica;Responsable 8
18/11/2023;NT0008;NIT0000000033;Coca-Cola;COP;22/08/2025;FAC-8;PED-4523;9000000,00;Pagada;Alimentación;Electronica;Responsable 8
16/08/2025;NT0008;NIT0000000035;Kellogg;COP;18/10/2025;FAC-8;PED-4525;6300000,00;Pagada;Alimentación;Electronica;Responsable 8
23/01/2022;NT0008;NIT0000000036;Southern Company;COP;10/09/2022;FAC-8;PED-4526;19800000,00;Pagada;Energía;Electronica;Responsable 8
27/02/2025;NT0008;NIT0000000037;Kraft Heinz;COP;25/09/2025;FAC-8;PED-4527;4500000,00;Pagada;Alimentación;Electronica;Responsable 8
21/09/2025;NT0008;NIT0000000038;G4S;COP;3/07/2025;FAC-8;PED-4528;8500000,00;Pagada;Servicios Públicos;Electronica;Responsable 8
6/09/2023;NT0008;NIT0000000040;RWE;COP;6/09/2024;FAC-8;PED-4530;19000000,00;Pagada;Energía;Electronica;Responsable 8
26/10/2023;NT0008;NIT0000000041;Juan Valdez;COP;14/10/2023;FAC-8;PED-4531;4200000,00;Pagada;Consultoría;Electronica;Responsable 8
19/04/2025;NT0008;NIT0000000042;Compass Group;COP;30/10/2025;FAC-8;PED-4532;10500000,00;Pagada;Servicios Públicos;Electronica;Responsable 8
12/11/2025;NT0008;NIT0000000043;Serco;COP;2/10/2024;FAC-8;PED-4533;9000000,00;Pagada;Servicios Públicos;Electronica;Responsable 8
14/09/2025;NT0008;NIT0000000045;NextEra Energy;COP;3/07/2024;FAC-8;PED-4535;23000000,00;Pagada;Energía;Electronica;Responsable 8
2/07/2022;NT0008;NIT0000000046;Exelon;COP;18/02/2023;FAC-8;PED-4536;18700000,00;Pagada;Energía;Electronica;Responsable 8
21/05/2024;NT0008;NIT0000000047;EDF;COP;5/11/2024;FAC-8;PED-4537;19200000,00;Pagada;Energía;Electronica;Responsable 8
21/03/2025;NT0008;NIT0000000048;Oracle;COP;7/01/2023;FAC-8;PED-4538;80000000,00;Pagada;Tecnologia;Electronica;Responsable 8
18/01/2022;NT0008;NIT0000000049;Starbucks;COP;15/04/2022;FAC-8;PED-4539;5500000,00;Pagada;Consultoría;Electronica;Responsable 8
26/01/2024;NT0008;NIT0000000050;Accenture;COP;17/03/2023;FAC-8;PED-4540;95000000,00;Pagada;Servicios;Electronica;Responsable 8
1/04/2025;NT0008;NIT0000000051;Mondelez;COP;4/06/2022;FAC-8;PED-4541;6900000,00;Pagada;Alimentación;Electronica;Responsable 8
1/10/2022;NT0008;NIT0000000052;KPMG;COP;2/06/2025;FAC-8;PED-4542;30000000,00;Pagada;Servicios;Electronica;Responsable 8
19/07/2022;NT0008;NIT0000000053;Cisco;COP;14/05/2023;FAC-8;PED-4543;35000000,00;Pagada;Tecnologia;Electronica;Responsable 8
10/12/2022;NT0008;NIT0000000056;Burger King;COP;12/02/2023;FAC-8;PED-4546;135000000,00;Pagada;Consultoría;Electronica;Responsable 8
2/04/2023;NT0008;NIT0000000057;KFC;COP;23/03/2024;FAC-8;PED-4547;114000000,00;Pagada;Consultoría;Electronica;Responsable 8
8/10/2022;NT0008;NIT0000000058;Capgemini;COP;29/08/2024;FAC-8;PED-4548;80000000,00;Pagada;Servicios;Electronica;Responsable 8
7/10/2024;NT0008;NIT0000000059;Amazon;COP;12/11/2022;FAC-8;PED-4549;22000000,00;Pagada;Tecnologia;Electronica;Responsable 8
10/10/2022;NT0008;NIT0000000060;Tostao;COP;29/10/2024;FAC-8;PED-4550;7600000,00;Pagada;Consultoría;Electronica;Responsable 8
16/06/2024;NT0008;NIT0000000061;McDonald's;COP;7/09/2023;FAC-8;PED-4551;60000000,00;Pagada;Consultoría;Electronica;Responsable 8
30/12/2022;NT0008;NIT0000000062;Bain;COP;20/04/2024;FAC-8;PED-4552;140000000,00;Pagada;Servicios;Electronica;Responsable 8
25/04/2022;NT0008;NIT0000000063;Procter & Gamble;COP;26/11/2023;FAC-8;PED-4553;7200000,00;Pagada;Alimentación;Electronica;Responsable 8
11/09/2024;NT0008;NIT0000000064;Securitas;COP;8/07/2022;FAC-8;PED-4554;8700000,00;Pagada;Servicios Públicos;Electronica;Responsable 8
4/11/2023;NT0008;NIT0000000065;Crepes & Waffles;COP;24/07/2025;FAC-8;PED-4555;7500000,00;Pagada;Consultoría;Electronica;Responsable 8
9/03/2022;NT0008;NIT0000000066;SAP;COP;4/05/2023;FAC-8;PED-4556;240000000,00;Pagada;Tecnologia;Electronica;Responsable 8
20/02/2025;NT0008;NIT0000000067;Mitie;COP;17/07/2023;FAC-8;PED-4557;7500000,00;Pagada;Servicios Públicos;Electronica;Responsable 8
30/09/2024;NT0008;NIT0000000068;EY;COP;12/02/2022;FAC-8;PED-4558;35000000,00;Pagada;Servicios;Electronica;Responsable 8
23/12/2023;NT0008;NIT0000000069;BCG;COP;21/01/2024;FAC-8;PED-4559;145000000,00;Pagada;Servicios;Electronica;Responsable 8
31/10/2024;NT0008;NIT0000000070;Google;COP;9/04/2022;FAC-8;PED-4560;15000000,00;Pagada;Tecnologia;Electronica;Responsable 8
29/02/2024;NT0009;NIT0000000001;ABM;COP;8/10/2022;FAC-9;PED-4561;6200000,00;Pendiente;Servicios Públicos;Fisica;Responsable 9
30/07/2024;NT0009;NIT0000000002;Subway;COP;3/04/2023;FAC-9;PED-4562;27000000,00;Pendiente;Consultoría;Fisica;Responsable 9
30/06/2023;NT0009;NIT0000000003;Sodexo;COP;19/03/2023;FAC-9;PED-4563;11000000,00;Pendiente;Servicios Públicos;Fisica;Responsable 9
31/08/2023;NT0009;NIT0000000005;ISS;COP;5/12/2024;FAC-9;PED-4565;9800000,00;Pendiente;Servicios Públicos;Fisica;Responsable 9
11/10/2023;NT0009;NIT0000000006;Rentokil;COP;11/01/2024;FAC-9;PED-4566;1200000,00;Pendiente;Servicios Públicos;Fisica;Responsable 9
30/04/2022;NT0009;NIT0000000008;IBM;COP;25/01/2023;FAC-9;PED-4568;50000000,00;Pendiente;Tecnologia;Fisica;Responsable 9
12/07/2023;NT0009;NIT0000000009;Oma;COP;18/10/2022;FAC-9;PED-4569;6400000,00;Pendiente;Consultoría;Fisica;Responsable 9
1/09/2022;NT0009;NIT0000000010;Deloitte;COP;22/09/2023;FAC-9;PED-4570;40000000,00;Pendiente;Servicios;Fisica;Responsable 9
28/11/2023;NT0009;NIT0000000011;Apple;COP;22/05/2023;FAC-9;PED-4571;45000000,00;Pendiente;Tecnologia;Fisica;Responsable 9
22/12/2025;NT0009;NIT0000000012;Intel;COP;25/07/2024;FAC-9;PED-4572;32000000,00;Pendiente;Tecnologia;Fisica;Responsable 9
24/11/2024;NT0009;NIT0000000013;General Mills;COP;7/06/2023;FAC-9;PED-4573;6500000,00;Pendiente;Alimentación;Fisica;Responsable 9
8/07/2022;NT0009;NIT0000000014;Unilever;COP;3/06/2025;FAC-9;PED-4574;8200000,00;Pendiente;Alimentación;Fisica;Responsable 9
11/11/2024;NT0009;NIT0000000015;Dunkin Donuts;COP;4/09/2025;FAC-9;PED-4575;70000000,00;Pendiente;Consultoría;Fisica;Responsable 9
11/09/2025;NT0009;NIT0000000017;Aramark;COP;1/02/2023;FAC-9;PED-4577;12000000,00;Pendiente;Servicios Públicos;Fisica;Responsable 9
21/06/2022;NT0009;NIT0000000018;E.ON;COP;5/03/2025;FAC-9;PED-4578;18000000,00;Pendiente;Energía;Fisica;Responsable 9
12/10/2024;NT0009;NIT0000000020;Iberdrola;COP;11/01/2025;FAC-9;PED-4580;17500000,00;Pendiente;Energía;Fisica;Responsable 9
17/01/2025;NT0009;NIT0000000021;Engie;COP;8/05/2022;FAC-9;PED-4581;22000000,00;Pendiente;Energía;Fisica;Responsable 9
3/07/2022;NT0009;NIT0000000023;TCS;COP;15/10/2022;FAC-9;PED-4583;120000000,00;Pendiente;Servicios;Fisica;Responsable 9
19/03/2024;NT0009;NIT0000000024;PepsiCo;COP;29/11/2023;FAC-9;PED-4584;7000000,00;Pendiente;Alimentación;Fisica;Responsable 9
4/05/2024;NT0009;NIT0000000027;Duke Energy;COP;8/06/2022;FAC-9;PED-4587;21500000,00;Pendiente;Energía;Fisica;Responsable 9
27/03/2024;NT0009;NIT0000000028;McKinsey;COP;24/08/2025;FAC-9;PED-4588;150000000,00;Pendiente;Servicios;Fisica;Responsable 9
24/05/2023;NT0009;NIT0000000029;Danone;COP;3/11/2023;FAC-9;PED-4589;5800000,00;Pendiente;Alimentación;Fisica;Responsable 9
26/11/2025;NT0009;NIT0000000030;Facebook;COP;27/04/2025;FAC-9;PED-4590;5000000,00;Pendiente;Tecnologia;Fisica;Responsable 9
5/12/2022;NT0009;NIT0000000031;Microsoft;COP;17/12/2023;FAC-9;PED-4591;18000000,00;Pendiente;Tecnologia;Fisica;Responsable 9
6/06/2024;NT0009;NIT0000000032;Enel;COP;12/08/2025;FAC-9;PED-4592;20000000,00;Pendiente;Energía;Fisica;Responsable 9
10/11/2025;NT0009;NIT0000000033;Coca-Cola;COP;24/10/2022;FAC-9;PED-4593;27000000,00;Pendiente;Alimentación;Fisica;Responsable 9
30/05/2025;NT0009;NIT0000000035;Kellogg;COP;20/08/2024;FAC-9;PED-4595;18900000,00;Pendiente;Alimentación;Fisica;Responsable 9
17/12/2024;NT0009;NIT0000000036;Southern Company;COP;28/01/2023;FAC-9;PED-4596;19800000,00;Pendiente;Energía;Fisica;Responsable 9
11/09/2023;NT0009;NIT0000000037;Kraft Heinz;COP;29/11/2023;FAC-9;PED-4597;18000000,00;Pendiente;Alimentación;Fisica;Responsable 9
2/12/2023;NT0009;NIT0000000038;G4S;COP;9/12/2025;FAC-9;PED-4598;8500000,00;Pendiente;Servicios Públicos;Fisica;Responsable 9
20/04/2024;NT0009;NIT0000000040;RWE;COP;24/10/2022;FAC-9;PED-4600;19000000,00;Pendiente;Energía;Fisica;Responsable 9
30/01/2023;NT0009;NIT0000000041;Juan Valdez;COP;27/09/2022;FAC-9;PED-4601;4200000,00;Pendiente;Consultoría;Fisica;Responsable 9
26/07/2023;NT0009;NIT0000000042;Compass Group;COP;4/02/2022;FAC-9;PED-4602;10500000,00;Pendiente;Servicios Públicos;Fisica;Responsable 9
9/03/2022;NT0009;NIT0000000043;Serco;COP;18/04/2025;FAC-9;PED-4603;9000000,00;Pendiente;Servicios Públicos;Fisica;Responsable 9
22/06/2024;NT0009;NIT0000000045;NextEra Energy;COP;30/06/2025;FAC-9;PED-4605;23000000,00;Pendiente;Energía;Fisica;Responsable 9
2/07/2025;NT0009;NIT0000000046;Exelon;COP;5/12/2024;FAC-9;PED-4606;18700000,00;Pendiente;Energía;Fisica;Responsable 9
28/12/2022;NT0009;NIT0000000047;EDF;COP;18/11/2024;FAC-9;PED-4607;19200000,00;Pendiente;Energía;Fisica;Responsable 9
5/12/2025;NT0009;NIT0000000048;Oracle;COP;15/02/2023;FAC-9;PED-4608;40000000,00;Pendiente;Tecnologia;Fisica;Responsable 9
2/05/2024;NT0009;NIT0000000049;Starbucks;COP;17/08/2023;FAC-9;PED-4609;5500000,00;Pendiente;Consultoría;Fisica;Responsable 9
17/08/2024;NT0009;NIT0000000050;Accenture;COP;28/05/2023;FAC-9;PED-4610;95000000,00;Pendiente;Servicios;Fisica;Responsable 9
4/06/2024;NT0009;NIT0000000051;Mondelez;COP;29/12/2024;FAC-9;PED-4611;34500000,00;Pendiente;Alimentación;Fisica;Responsable 9
21/07/2024;NT0009;NIT0000000052;KPMG;COP;13/01/2025;FAC-9;PED-4612;30000000,00;Pendiente;Servicios;Fisica;Responsable 9
31/01/2022;NT0009;NIT0000000053;Cisco;COP;25/07/2024;FAC-9;PED-4613;35000000,00;Pendiente;Tecnologia;Fisica;Responsable 9
30/11/2022;NT0009;NIT0000000056;Burger King;COP;30/03/2022;FAC-9;PED-4616;45000000,00;Pendiente;Consultoría;Fisica;Responsable 9
28/09/2024;NT0009;NIT0000000057;KFC;COP;9/07/2022;FAC-9;PED-4617;38000000,00;Pendiente;Consultoría;Fisica;Responsable 9
17/07/2022;NT0009;NIT0000000058;Capgemini;COP;15/09/2023;FAC-9;PED-4618;80000000,00;Pendiente;Servicios;Fisica;Responsable 9
22/08/2025;NT0009;NIT0000000059;Amazon;COP;26/12/2025;FAC-9;PED-4619;22000000,00;Pendiente;Tecnologia;Fisica;Responsable 9
2/12/2024;NT0009;NIT0000000060;Tostao;COP;24/06/2023;FAC-9;PED-4620;3800000,00;Pendiente;Consultoría;Fisica;Responsable 9
11/06/2022;NT0009;NIT0000000061;McDonald's;COP;12/05/2023;FAC-9;PED-4621;60000000,00;Pendiente;Consultoría;Fisica;Responsable 9
9/06/2023;NT0009;NIT0000000062;Bain;COP;30/05/2023;FAC-9;PED-4622;140000000,00;Pendiente;Servicios;Fisica;Responsable 9
9/04/2022;NT0009;NIT0000000063;Procter & Gamble;COP;18/09/2023;FAC-9;PED-4623;43200000,00;Pendiente;Alimentación;Fisica;Responsable 9
12/02/2024;NT0009;NIT0000000064;Securitas;COP;25/06/2023;FAC-9;PED-4624;8700000,00;Pendiente;Servicios Públicos;Fisica;Responsable 9
5/07/2022;NT0009;NIT0000000065;Crepes & Waffles;COP;6/01/2025;FAC-9;PED-4625;7500000,00;Pendiente;Consultoría;Fisica;Responsable 9
18/08/2023;NT0009;NIT0000000066;SAP;COP;13/05/2022;FAC-9;PED-4626;120000000,00;Pendiente;Tecnologia;Fisica;Responsable 9
2/12/2023;NT0009;NIT0000000067;Mitie;COP;27/02/2023;FAC-9;PED-4627;7500000,00;Pendiente;Servicios Públicos;Fisica;Responsable 9
18/12/2022;NT0009;NIT0000000068;EY;COP;15/11/2024;FAC-9;PED-4628;35000000,00;Pendiente;Servicios;Fisica;Responsable 9
8/08/2023;NT0009;NIT0000000069;BCG;COP;9/05/2025;FAC-9;PED-4629;145000000,00;Pendiente;Servicios;Fisica;Responsable 9
10/11/2022;NT0009;NIT0000000070;Google;COP;14/05/2024;FAC-9;PED-4630;15000000,00;Pendiente;Tecnologia;Fisica;Responsable 9
28/04/2022;NT00010;NIT0000000001;ABM;COP;15/05/2024;FAC-10;PED-4631;6200000,00;Pagada;Servicios Públicos;Electronica;Responsable 0
1/07/2022;NT00010;NIT0000000002;Subway;COP;27/01/2025;FAC-10;PED-4632;9000000,00;Pagada;Consultoría;Electronica;Responsable 0
3/06/2023;NT00010;NIT0000000003;Sodexo;COP;20/11/2023;FAC-10;PED-4633;11000000,00;Pagada;Servicios Públicos;Electronica;Responsable 0
8/07/2022;NT00010;NIT0000000005;ISS;COP;6/03/2024;FAC-10;PED-4635;9800000,00;Pagada;Servicios Públicos;Electronica;Responsable 0
1/02/2022;NT00010;NIT0000000006;Rentokil;COP;30/12/2025;FAC-10;PED-4636;1200000,00;Pagada;Servicios Públicos;Electronica;Responsable 0
9/12/2023;NT00010;NIT0000000008;IBM;COP;3/02/2024;FAC-10;PED-4638;25000000,00;Pagada;Tecnologia;Electronica;Responsable 0
11/12/2023;NT00010;NIT0000000009;Oma;COP;16/11/2023;FAC-10;PED-4639;3200000,00;Pagada;Consultoría;Electronica;Responsable 0
4/10/2022;NT00010;NIT0000000010;Deloitte;COP;6/12/2024;FAC-10;PED-4640;40000000,00;Pagada;Servicios;Electronica;Responsable 0
14/03/2023;NT00010;NIT0000000011;Apple;COP;20/01/2023;FAC-10;PED-4641;45000000,00;Pagada;Tecnologia;Electronica;Responsable 0
2/07/2024;NT00010;NIT0000000012;Intel;COP;19/02/2023;FAC-10;PED-4642;32000000,00;Pagada;Tecnologia;Electronica;Responsable 0
11/05/2022;NT00010;NIT0000000013;General Mills;COP;6/10/2025;FAC-10;PED-4643;39000000,00;Pagada;Alimentación;Electronica;Responsable 0
18/07/2023;NT00010;NIT0000000014;Unilever;COP;21/01/2025;FAC-10;PED-4644;57400000,00;Pagada;Alimentación;Electronica;Responsable 0
4/02/2025;NT00010;NIT0000000015;Dunkin Donuts;COP;27/02/2022;FAC-10;PED-4645;35000000,00;Pagada;Consultoría;Electronica;Responsable 0
6/03/2023;NT00010;NIT0000000017;Aramark;COP;16/03/2025;FAC-10;PED-4647;12000000,00;Pagada;Servicios Públicos;Electronica;Responsable 0
10/08/2022;NT00010;NIT0000000018;E.ON;COP;11/06/2022;FAC-10;PED-4648;18000000,00;Pagada;Energía;Electronica;Responsable 0
25/08/2024;NT00010;NIT0000000020;Iberdrola;COP;4/08/2025;FAC-10;PED-4650;17500000,00;Pagada;Energía;Electronica;Responsable 0
21/04/2023;NT00010;NIT0000000021;Engie;COP;24/12/2023;FAC-10;PED-4651;22000000,00;Pagada;Energía;Electronica;Responsable 0
3/03/2024;NT00010;NIT0000000023;TCS;COP;18/11/2022;FAC-10;PED-4653;120000000,00;Pagada;Servicios;Electronica;Responsable 0
28/06/2025;NT00010;NIT0000000024;PepsiCo;COP;6/06/2022;FAC-10;PED-4654;7000000,00;Pagada;Alimentación;Electronica;Responsable 0
6/07/2024;NT00010;NIT0000000025;PwC;COP;22/05/2025;FAC-10;PED-4655;28000000,00;Pagada;Servicios;Electronica;Responsable 0
16/04/2022;NT00010;NIT0000000027;Duke Energy;COP;4/12/2023;FAC-10;PED-4657;21500000,00;Pagada;Energía;Electronica;Responsable 0
9/04/2023;NT00010;NIT0000000028;McKinsey;COP;23/06/2025;FAC-10;PED-4658;150000000,00;Pagada;Servicios;Electronica;Responsable 0
17/12/2024;NT00010;NIT0000000029;Danone;COP;7/07/2025;FAC-10;PED-4659;5800000,00;Pagada;Alimentación;Electronica;Responsable 0
21/06/2023;NT00010;NIT0000000030;Facebook;COP;1/09/2025;FAC-10;PED-4660;5000000,00;Pagada;Tecnologia;Electronica;Responsable 0
19/05/2022;NT00010;NIT0000000031;Microsoft;COP;8/01/2022;FAC-10;PED-4661;18000000,00;Pagada;Tecnologia;Electronica;Responsable 0
3/09/2022;NT00010;NIT0000000032;Enel;COP;22/02/2023;FAC-10;PED-4662;20000000,00;Pagada;Energía;Electronica;Responsable 0
23/04/2023;NT00010;NIT0000000033;Coca-Cola;COP;15/01/2024;FAC-10;PED-4663;9000000,00;Pagada;Alimentación;Electronica;Responsable 0
21/10/2022;NT00010;NIT0000000035;Kellogg;COP;3/09/2022;FAC-10;PED-4665;6300000,00;Pagada;Alimentación;Electronica;Responsable 0
26/06/2024;NT00010;NIT0000000036;Southern Company;COP;22/06/2022;FAC-10;PED-4666;19800000,00;Pagada;Energía;Electronica;Responsable 0
12/11/2023;NT00010;NIT0000000037;Kraft Heinz;COP;18/07/2025;FAC-10;PED-4667;4500000,00;Pagada;Alimentación;Electronica;Responsable 0
17/07/2025;NT00010;NIT0000000038;G4S;COP;28/02/2023;FAC-10;PED-4668;8500000,00;Pagada;Servicios Públicos;Electronica;Responsable 0
22/06/2024;NT00010;NIT0000000040;RWE;COP;13/10/2025;FAC-10;PED-4670;19000000,00;Pagada;Energía;Electronica;Responsable 0
23/05/2022;NT00010;NIT0000000041;Juan Valdez;COP;30/05/2023;FAC-10;PED-4671;4200000,00;Pagada;Consultoría;Electronica;Responsable 0
20/06/2024;NT00010;NIT0000000042;Compass Group;COP;29/06/2024;FAC-10;PED-4672;10500000,00;Pagada;Servicios Públicos;Electronica;Responsable 0
7/01/2023;NT00010;NIT0000000043;Serco;COP;27/03/2023;FAC-10;PED-4673;9000000,00;Pagada;Servicios Públicos;Electronica;Responsable 0
13/01/2023;NT00010;NIT0000000045;NextEra Energy;COP;26/09/2025;FAC-10;PED-4675;23000000,00;Pagada;Energía;Electronica;Responsable 0
12/05/2022;NT00010;NIT0000000046;Exelon;COP;14/11/2024;FAC-10;PED-4676;18700000,00;Pagada;Energía;Electronica;Responsable 0
31/12/2024;NT00010;NIT0000000047;EDF;COP;11/03/2022;FAC-10;PED-4677;19200000,00;Pagada;Energía;Electronica;Responsable 0
2/05/2023;NT00010;NIT0000000048;Oracle;COP;1/08/2022;FAC-10;PED-4678;80000000,00;Pagada;Tecnologia;Electronica;Responsable 0
20/09/2024;NT00010;NIT0000000049;Starbucks;COP;8/07/2025;FAC-10;PED-4679;5500000,00;Pagada;Consultoría;Electronica;Responsable 0
28/07/2025;NT00010;NIT0000000050;Accenture;COP;30/07/2023;FAC-10;PED-4680;95000000,00;Pagada;Servicios;Electronica;Responsable 0
15/03/2023;NT00010;NIT0000000051;Mondelez;COP;28/04/2023;FAC-10;PED-4681;6900000,00;Pagada;Alimentación;Electronica;Responsable 0
1/03/2024;NT00010;NIT0000000052;KPMG;COP;7/03/2023;FAC-10;PED-4682;30000000,00;Pagada;Servicios;Electronica;Responsable 0
23/03/2024;NT00010;NIT0000000053;Cisco;COP;12/06/2023;FAC-10;PED-4683;35000000,00;Pagada;Tecnologia;Electronica;Responsable 0
10/09/2025;NT00010;NIT0000000056;Burger King;COP;21/07/2023;FAC-10;PED-4686;45000000,00;Pagada;Consultoría;Electronica;Responsable 0
14/08/2025;NT00010;NIT0000000057;KFC;COP;23/12/2023;FAC-10;PED-4687;38000000,00;Pagada;Consultoría;Electronica;Responsable 0
25/08/2024;NT00010;NIT0000000058;Capgemini;COP;2/05/2024;FAC-10;PED-4688;80000000,00;Pagada;Servicios;Electronica;Responsable 0
24/08/2024;NT00010;NIT0000000059;Amazon;COP;14/04/2023;FAC-10;PED-4689;22000000,00;Pagada;Tecnologia;Electronica;Responsable 0
30/10/2024;NT00010;NIT0000000060;Tostao;COP;17/09/2025;FAC-10;PED-4690;7600000,00;Pagada;Consultoría;Electronica;Responsable 0
13/10/2023;NT00010;NIT0000000061;McDonald's;COP;11/07/2025;FAC-10;PED-4691;60000000,00;Pagada;Consultoría;Electronica;Responsable 0
1/06/2022;NT00010;NIT0000000062;Bain;COP;29/06/2022;FAC-10;PED-4692;140000000,00;Pagada;Servicios;Electronica;Responsable 0
30/10/2022;NT00010;NIT0000000063;Procter & Gamble;COP;13/02/2022;FAC-10;PED-4693;7200000,00;Pagada;Alimentación;Electronica;Responsable 0
24/12/2022;NT00010;NIT0000000064;Securitas;COP;28/04/2024;FAC-10;PED-4694;8700000,00;Pagada;Servicios Públicos;Electronica;Responsable 0
27/01/2022;NT00010;NIT0000000065;Crepes & Waffles;COP;14/12/2025;FAC-10;PED-4695;7500000,00;Pagada;Consultoría;Electronica;Responsable 0
20/04/2025;NT00010;NIT0000000066;SAP;COP;21/04/2025;FAC-10;PED-4696;240000000,00;Pagada;Tecnologia;Electronica;Responsable 0
2/11/2025;NT00010;NIT0000000067;Mitie;COP;1/05/2023;FAC-10;PED-4697;7500000,00;Pagada;Servicios Públicos;Electronica;Responsable 0
28/02/2024;NT00010;NIT0000000068;EY;COP;10/02/2023;FAC-10;PED-4698;35000000,00;Pagada;Servicios;Electronica;Responsable 0
26/12/2023;NT00010;NIT0000000069;BCG;COP;26/12/2022;FAC-10;PED-4699;145000000,00;Pagada;Servicios;Electronica;Responsable 0
8/12/2024;NT00010;NIT0000000070;Google;COP;6/03/2024;FAC-10;PED-4700;15000000,00;Pagada;Tecnologia;Electronica;Responsable 0
5/09/2024;NT00011;NIT0000000001;ABM;COP;23/05/2025;FAC-11;PED-4701;6200000,00;Pendiente;Servicios Públicos;Fisica;Responsable 1
24/03/2025;NT00011;NIT0000000002;Subway;COP;25/11/2024;FAC-11;PED-4702;9000000,00;Pendiente;Consultoría;Fisica;Responsable 1
1/06/2022;NT00011;NIT0000000003;Sodexo;COP;3/08/2024;FAC-11;PED-4703;11000000,00;Pendiente;Servicios Públicos;Fisica;Responsable 1
27/01/2025;NT00011;NIT0000000005;ISS;COP;12/12/2023;FAC-11;PED-4705;9800000,00;Pendiente;Servicios Públicos;Fisica;Responsable 1
14/10/2022;NT00011;NIT0000000006;Rentokil;COP;16/08/2023;FAC-11;PED-4706;1200000,00;Pendiente;Servicios Públicos;Fisica;Responsable 1
13/12/2023;NT00011;NIT0000000008;IBM;COP;4/01/2023;FAC-11;PED-4708;50000000,00;Pendiente;Tecnologia;Fisica;Responsable 1
2/07/2022;NT00011;NIT0000000009;Oma;COP;1/02/2024;FAC-11;PED-4709;9600000,00;Pendiente;Consultoría;Fisica;Responsable 1
21/01/2025;NT00011;NIT0000000010;Deloitte;COP;27/12/2024;FAC-11;PED-4710;40000000,00;Pendiente;Servicios;Fisica;Responsable 1
23/05/2024;NT00011;NIT0000000011;Apple;COP;24/08/2024;FAC-11;PED-4711;45000000,00;Pendiente;Tecnologia;Fisica;Responsable 1
24/05/2025;NT00011;NIT0000000012;Intel;COP;10/09/2025;FAC-11;PED-4712;32000000,00;Pendiente;Tecnologia;Fisica;Responsable 1
3/11/2022;NT00011;NIT0000000013;General Mills;COP;30/03/2023;FAC-11;PED-4713;6500000,00;Pendiente;Alimentación;Fisica;Responsable 1
13/07/2025;NT00011;NIT0000000014;Unilever;COP;24/04/2025;FAC-11;PED-4714;8200000,00;Pendiente;Alimentación;Fisica;Responsable 1
14/07/2024;NT00011;NIT0000000015;Dunkin Donuts;COP;14/04/2023;FAC-11;PED-4715;70000000,00;Pendiente;Consultoría;Fisica;Responsable 1
29/05/2024;NT00011;NIT0000000017;Aramark;COP;31/07/2025;FAC-11;PED-4717;12000000,00;Pendiente;Servicios Públicos;Fisica;Responsable 1
29/03/2022;NT00011;NIT0000000018;E.ON;COP;27/06/2024;FAC-11;PED-4718;18000000,00;Pendiente;Energía;Fisica;Responsable 1
26/09/2022;NT00011;NIT0000000020;Iberdrola;COP;17/02/2024;FAC-11;PED-4720;17500000,00;Pendiente;Energía;Fisica;Responsable 1
28/03/2022;NT00011;NIT0000000021;Engie;COP;17/06/2025;FAC-11;PED-4721;22000000,00;Pendiente;Energía;Fisica;Responsable 1
29/10/2022;NT00011;NIT0000000023;TCS;COP;18/07/2023;FAC-11;PED-4723;120000000,00;Pendiente;Servicios;Fisica;Responsable 1
8/08/2025;NT00011;NIT0000000024;PepsiCo;COP;16/08/2025;FAC-11;PED-4724;7000000,00;Pendiente;Alimentación;Fisica;Responsable 1
8/12/2022;NT00011;NIT0000000025;PwC;COP;18/02/2023;FAC-11;PED-4725;28000000,00;Pendiente;Servicios;Fisica;Responsable 1
10/09/2024;NT00011;NIT0000000027;Duke Energy;COP;21/02/2022;FAC-11;PED-4727;21500000,00;Pendiente;Energía;Fisica;Responsable 1
17/05/2024;NT00011;NIT0000000028;McKinsey;COP;31/10/2022;FAC-11;PED-4728;150000000,00;Pendiente;Servicios;Fisica;Responsable 1
23/02/2025;NT00011;NIT0000000029;Danone;COP;19/08/2022;FAC-11;PED-4729;5800000,00;Pendiente;Alimentación;Fisica;Responsable 1
13/08/2025;NT00011;NIT0000000030;Facebook;COP;19/09/2024;FAC-11;PED-4730;5000000,00;Pendiente;Tecnologia;Fisica;Responsable 1
24/11/2022;NT00011;NIT0000000031;Microsoft;COP;20/04/2023;FAC-11;PED-4731;36000000,00;Pendiente;Tecnologia;Fisica;Responsable 1
14/06/2025;NT00011;NIT0000000032;Enel;COP;19/07/2022;FAC-11;PED-4732;20000000,00;Pendiente;Energía;Fisica;Responsable 1
25/11/2023;NT00011;NIT0000000033;Coca-Cola;COP;3/09/2022;FAC-11;PED-4733;9000000,00;Pendiente;Alimentación;Fisica;Responsable 1
31/05/2024;NT00011;NIT0000000035;Kellogg;COP;10/03/2025;FAC-11;PED-4735;12600000,00;Pendiente;Alimentación;Fisica;Responsable 1
28/10/2025;NT00011;NIT0000000036;Southern Company;COP;29/05/2022;FAC-11;PED-4736;19800000,00;Pendiente;Energía;Fisica;Responsable 1
19/10/2023;NT00011;NIT0000000037;Kraft Heinz;COP;3/04/2025;FAC-11;PED-4737;9000000,00;Pendiente;Alimentación;Fisica;Responsable 1
31/05/2023;NT00011;NIT0000000038;G4S;COP;9/12/2022;FAC-11;PED-4738;8500000,00;Pendiente;Servicios Públicos;Fisica;Responsable 1
11/04/2022;NT00011;NIT0000000040;RWE;COP;1/11/2022;FAC-11;PED-4740;19000000,00;Pendiente;Energía;Fisica;Responsable 1
22/09/2025;NT00011;NIT0000000041;Juan Valdez;COP;28/09/2023;FAC-11;PED-4741;4200000,00;Pendiente;Consultoría;Fisica;Responsable 1
26/10/2023;NT00011;NIT0000000042;Compass Group;COP;18/08/2022;FAC-11;PED-4742;10500000,00;Pendiente;Servicios Públicos;Fisica;Responsable 1
29/11/2023;NT00011;NIT0000000043;Serco;COP;12/10/2025;FAC-11;PED-4743;9000000,00;Pendiente;Servicios Públicos;Fisica;Responsable 1
5/06/2024;NT00011;NIT0000000045;NextEra Energy;COP;22/11/2023;FAC-11;PED-4745;23000000,00;Pendiente;Energía;Fisica;Responsable 1
24/12/2025;NT00011;NIT0000000046;Exelon;COP;1/10/2022;FAC-11;PED-4746;18700000,00;Pendiente;Energía;Fisica;Responsable 1
16/03/2022;NT00011;NIT0000000047;EDF;COP;30/11/2024;FAC-11;PED-4747;19200000,00;Pendiente;Energía;Fisica;Responsable 1
25/09/2024;NT00011;NIT0000000048;Oracle;COP;9/11/2025;FAC-11;PED-4748;80000000,00;Pendiente;Tecnologia;Fisica;Responsable 1
26/07/2022;NT00011;NIT0000000049;Starbucks;COP;23/11/2025;FAC-11;PED-4749;5500000,00;Pendiente;Consultoría;Fisica;Responsable 1
11/09/2025;NT00011;NIT0000000050;Accenture;COP;4/07/2025;FAC-11;PED-4750;95000000,00;Pendiente;Servicios;Fisica;Responsable 1
20/12/2025;NT00011;NIT0000000051;Mondelez;COP;5/11/2022;FAC-11;PED-4751;13800000,00;Pendiente;Alimentación;Fisica;Responsable 1
17/02/2023;NT00011;NIT0000000052;KPMG;COP;7/06/2022;FAC-11;PED-4752;30000000,00;Pendiente;Servicios;Fisica;Responsable 1
24/05/2025;NT00011;NIT0000000053;Cisco;COP;4/12/2022;FAC-11;PED-4753;35000000,00;Pendiente;Tecnologia;Fisica;Responsable 1
1/10/2025;NT00011;NIT0000000056;Burger King;COP;28/07/2025;FAC-11;PED-4756;90000000,00;Pendiente;Consultoría;Fisica;Responsable 1
28/08/2023;NT00011;NIT0000000057;KFC;COP;3/07/2024;FAC-11;PED-4757;38000000,00;Pendiente;Consultoría;Fisica;Responsable 1
24/06/2025;NT00011;NIT0000000058;Capgemini;COP;24/08/2023;FAC-11;PED-4758;80000000,00;Pendiente;Servicios;Fisica;Responsable 1
9/11/2023;NT00011;NIT0000000059;Amazon;COP;12/05/2022;FAC-11;PED-4759;22000000,00;Pendiente;Tecnologia;Fisica;Responsable 1
13/08/2025;NT00011;NIT0000000060;Tostao;COP;23/02/2025;FAC-11;PED-4760;3800000,00;Pendiente;Consultoría;Fisica;Responsable 1
27/05/2024;NT00011;NIT0000000061;McDonald's;COP;26/06/2022;FAC-11;PED-4761;120000000,00;Pendiente;Consultoría;Fisica;Responsable 1
21/02/2024;NT00011;NIT0000000062;Bain;COP;26/10/2023;FAC-11;PED-4762;140000000,00;Pendiente;Servicios;Fisica;Responsable 1
15/02/2023;NT00011;NIT0000000063;Procter & Gamble;COP;17/08/2025;FAC-11;PED-4763;14400000,00;Pendiente;Alimentación;Fisica;Responsable 1
5/05/2024;NT00011;NIT0000000064;Securitas;COP;7/03/2022;FAC-11;PED-4764;8700000,00;Pendiente;Servicios Públicos;Fisica;Responsable 1
9/09/2023;NT00011;NIT0000000065;Crepes & Waffles;COP;7/08/2023;FAC-11;PED-4765;22500000,00;Pendiente;Consultoría;Fisica;Responsable 1
14/07/2022;NT00011;NIT0000000066;SAP;COP;1/12/2023;FAC-11;PED-4766;240000000,00;Pendiente;Tecnologia;Fisica;Responsable 1
30/04/2022;NT00011;NIT0000000067;Mitie;COP;23/06/2023;FAC-11;PED-4767;7500000,00;Pendiente;Servicios Públicos;Fisica;Responsable 1
27/10/2023;NT00011;NIT0000000068;EY;COP;5/11/2025;FAC-11;PED-4768;35000000,00;Pendiente;Servicios;Fisica;Responsable 1
28/11/2023;NT00011;NIT0000000069;BCG;COP;14/02/2025;FAC-11;PED-4769;145000000,00;Pendiente;Servicios;Fisica;Responsable 1
29/08/2022;NT00011;NIT0000000070;Google;COP;14/05/2022;FAC-11;PED-4770;15000000,00;Pendiente;Tecnologia;Fisica;Responsable 1
25/10/2024;NT00012;NIT0000000001;ABM;COP;7/06/2025;FAC-12;PED-4771;6200000,00;Pagada;Servicios Públicos;Electronica;Responsable 2
26/07/2025;NT00012;NIT0000000002;Subway;COP;12/12/2024;FAC-12;PED-4772;18000000,00;Pagada;Consultoría;Electronica;Responsable 2
7/01/2024;NT00012;NIT0000000003;Sodexo;COP;19/01/2024;FAC-12;PED-4773;11000000,00;Pagada;Servicios Públicos;Electronica;Responsable 2
28/11/2025;NT00012;NIT0000000005;ISS;COP;9/03/2024;FAC-12;PED-4775;9800000,00;Pagada;Servicios Públicos;Electronica;Responsable 2
6/03/2022;NT00012;NIT0000000006;Rentokil;COP;14/03/2023;FAC-12;PED-4776;1200000,00;Pagada;Servicios Públicos;Electronica;Responsable 2
16/06/2022;NT00012;NIT0000000008;IBM;COP;31/08/2022;FAC-12;PED-4778;50000000,00;Pagada;Tecnologia;Electronica;Responsable 2
17/10/2023;NT00012;NIT0000000009;Oma;COP;22/02/2024;FAC-12;PED-4779;6400000,00;Pagada;Consultoría;Electronica;Responsable 2
19/06/2023;NT00012;NIT0000000010;Deloitte;COP;20/10/2025;FAC-12;PED-4780;40000000,00;Pagada;Servicios;Electronica;Responsable 2
25/02/2022;NT00012;NIT0000000011;Apple;COP;3/11/2022;FAC-12;PED-4781;45000000,00;Pagada;Tecnologia;Electronica;Responsable 2
17/10/2023;NT00012;NIT0000000012;Intel;COP;2/11/2022;FAC-12;PED-4782;32000000,00;Pagada;Tecnologia;Electronica;Responsable 2
19/04/2022;NT00012;NIT0000000013;General Mills;COP;27/02/2025;FAC-12;PED-4783;13000000,00;Pagada;Alimentación;Electronica;Responsable 2
22/01/2023;NT00012;NIT0000000014;Unilever;COP;8/02/2023;FAC-12;PED-4784;16400000,00;Pagada;Alimentación;Electronica;Responsable 2
29/12/2025;NT00012;NIT0000000015;Dunkin Donuts;COP;21/05/2024;FAC-12;PED-4785;35000000,00;Pagada;Consultoría;Electronica;Responsable 2
20/11/2025;NT00012;NIT0000000017;Aramark;COP;16/08/2022;FAC-12;PED-4787;12000000,00;Pagada;Servicios Públicos;Electronica;Responsable 2
19/07/2022;NT00012;NIT0000000018;E.ON;COP;23/12/2023;FAC-12;PED-4788;18000000,00;Pagada;Energía;Electronica;Responsable 2
30/12/2022;NT00012;NIT0000000020;Iberdrola;COP;28/09/2022;FAC-12;PED-4790;17500000,00;Pagada;Energía;Electronica;Responsable 2
26/09/2024;NT00012;NIT0000000021;Engie;COP;28/07/2025;FAC-12;PED-4791;22000000,00;Pagada;Energía;Electronica;Responsable 2
13/12/2023;NT00012;NIT0000000023;TCS;COP;18/11/2025;FAC-12;PED-4793;120000000,00;Pagada;Servicios;Electronica;Responsable 2
18/10/2025;NT00012;NIT0000000024;PepsiCo;COP;21/07/2022;FAC-12;PED-4794;14000000,00;Pagada;Alimentación;Electronica;Responsable 2
1/07/2022;NT00012;NIT0000000025;PwC;COP;6/02/2022;FAC-12;PED-4795;28000000,00;Pagada;Servicios;Electronica;Responsable 2
13/09/2022;NT00012;NIT0000000027;Duke Energy;COP;10/12/2023;FAC-12;PED-4797;21500000,00;Pagada;Energía;Electronica;Responsable 2
25/06/2024;NT00012;NIT0000000028;McKinsey;COP;29/12/2022;FAC-12;PED-4798;150000000,00;Pagada;Servicios;Electronica;Responsable 2
20/07/2022;NT00012;NIT0000000029;Danone;COP;5/12/2024;FAC-12;PED-4799;23200000,00;Pagada;Alimentación;Electronica;Responsable 2
22/01/2022;NT00012;NIT0000000030;Facebook;COP;20/09/2023;FAC-12;PED-4800;5000000,00;Pagada;Tecnologia;Electronica;Responsable 2
15/04/2025;NT00012;NIT0000000031;Microsoft;COP;13/05/2024;FAC-12;PED-4801;36000000,00;Pagada;Tecnologia;Electronica;Responsable 2
7/03/2023;NT00012;NIT0000000032;Enel;COP;28/03/2024;FAC-12;PED-4802;20000000,00;Pagada;Energía;Electronica;Responsable 2
26/11/2022;NT00012;NIT0000000033;Coca-Cola;COP;14/12/2025;FAC-12;PED-4803;36000000,00;Pagada;Alimentación;Electronica;Responsable 2
9/09/2024;NT00012;NIT0000000035;Kellogg;COP;25/02/2024;FAC-12;PED-4805;25200000,00;Pagada;Alimentación;Electronica;Responsable 2
6/01/2024;NT00012;NIT0000000036;Southern Company;COP;30/08/2024;FAC-12;PED-4806;19800000,00;Pagada;Energía;Electronica;Responsable 2
25/02/2022;NT00012;NIT0000000037;Kraft Heinz;COP;24/08/2024;FAC-12;PED-4807;18000000,00;Pagada;Alimentación;Electronica;Responsable 2
13/04/2025;NT00012;NIT0000000038;G4S;COP;27/05/2023;FAC-12;PED-4808;8500000,00;Pagada;Servicios Públicos;Electronica;Responsable 2
10/05/2025;NT00012;NIT0000000040;RWE;COP;20/12/2024;FAC-12;PED-4810;19000000,00;Pagada;Energía;Electronica;Responsable 2
22/06/2025;NT00012;NIT0000000041;Juan Valdez;COP;16/12/2025;FAC-12;PED-4811;8400000,00;Pagada;Consultoría;Electronica;Responsable 2
11/12/2025;NT00012;NIT0000000042;Compass Group;COP;23/07/2025;FAC-12;PED-4812;10500000,00;Pagada;Servicios Públicos;Electronica;Responsable 2
18/11/2023;NT00012;NIT0000000043;Serco;COP;17/02/2024;FAC-12;PED-4813;9000000,00;Pagada;Servicios Públicos;Electronica;Responsable 2
3/08/2022;NT00012;NIT0000000045;NextEra Energy;COP;14/01/2025;FAC-12;PED-4815;23000000,00;Pagada;Energía;Electronica;Responsable 2
3/04/2022;NT00012;NIT0000000046;Exelon;COP;3/12/2025;FAC-12;PED-4816;18700000,00;Pagada;Energía;Electronica;Responsable 2
3/05/2024;NT00012;NIT0000000047;EDF;COP;9/02/2022;FAC-12;PED-4817;19200000,00;Pagada;Energía;Electronica;Responsable 2
29/07/2025;NT00012;NIT0000000048;Oracle;COP;15/11/2022;FAC-12;PED-4818;80000000,00;Pagada;Tecnologia;Electronica;Responsable 2
7/07/2023;NT00012;NIT0000000049;Starbucks;COP;16/01/2025;FAC-12;PED-4819;5500000,00;Pagada;Consultoría;Electronica;Responsable 2
11/08/2023;NT00012;NIT0000000050;Accenture;COP;14/10/2024;FAC-12;PED-4820;95000000,00;Pagada;Servicios;Electronica;Responsable 2
14/08/2022;NT00012;NIT0000000051;Mondelez;COP;29/11/2023;FAC-12;PED-4821;27600000,00;Pagada;Alimentación;Electronica;Responsable 2
26/12/2025;NT00012;NIT0000000052;KPMG;COP;11/12/2023;FAC-12;PED-4822;30000000,00;Pagada;Servicios;Electronica;Responsable 2
7/03/2025;NT00012;NIT0000000053;Cisco;COP;9/10/2022;FAC-12;PED-4823;35000000,00;Pagada;Tecnologia;Electronica;Responsable 2
25/02/2025;NT00012;NIT0000000056;Burger King;COP;2/01/2025;FAC-12;PED-4826;90000000,00;Pagada;Consultoría;Electronica;Responsable 2
7/05/2023;NT00012;NIT0000000057;KFC;COP;10/03/2023;FAC-12;PED-4827;38000000,00;Pagada;Consultoría;Electronica;Responsable 2
17/06/2025;NT00012;NIT0000000058;Capgemini;COP;18/01/2024;FAC-12;PED-4828;80000000,00;Pagada;Servicios;Electronica;Responsable 2
21/10/2025;NT00012;NIT0000000059;Amazon;COP;29/11/2025;FAC-12;PED-4829;22000000,00;Pagada;Tecnologia;Electronica;Responsable 2
5/06/2025;NT00012;NIT0000000060;Tostao;COP;17/09/2025;FAC-12;PED-4830;7600000,00;Pagada;Consultoría;Electronica;Responsable 2
23/09/2025;NT00012;NIT0000000061;McDonald's;COP;16/12/2022;FAC-12;PED-4831;60000000,00;Pagada;Consultoría;Electronica;Responsable 2
30/11/2023;NT00012;NIT0000000062;Bain;COP;2/01/2025;FAC-12;PED-4832;70000000,00;Pagada;Servicios;Electronica;Responsable 2
8/01/2024;NT00012;NIT0000000063;Procter & Gamble;COP;9/02/2025;FAC-12;PED-4833;28800000,00;Pagada;Alimentación;Electronica;Responsable 2
12/11/2022;NT00012;NIT0000000064;Securitas;COP;7/02/2024;FAC-12;PED-4834;8700000,00;Pagada;Servicios Públicos;Electronica;Responsable 2
26/07/2023;NT00012;NIT0000000065;Crepes & Waffles;COP;9/06/2024;FAC-12;PED-4835;15000000,00;Pagada;Consultoría;Electronica;Responsable 2
18/12/2022;NT00012;NIT0000000066;SAP;COP;30/11/2024;FAC-12;PED-4836;120000000,00;Pagada;Tecnologia;Electronica;Responsable 2
15/10/2022;NT00012;NIT0000000067;Mitie;COP;8/04/2023;FAC-12;PED-4837;7500000,00;Pagada;Servicios Públicos;Electronica;Responsable 2
20/07/2023;NT00012;NIT0000000068;EY;COP;16/11/2024;FAC-12;PED-4838;35000000,00;Pagada;Servicios;Electronica;Responsable 2
10/07/2022;NT00012;NIT0000000069;BCG;COP;21/02/2025;FAC-12;PED-4839;145000000,00;Pagada;Servicios;Electronica;Responsable 2
6/01/2023;NT00012;NIT0000000070;Google;COP;3/12/2022;FAC-12;PED-4840;15000000,00;Pagada;Tecnologia;Electronica;Responsable 2
19/12/2022;NT00013;NIT0000000001;ABM;COP;26/01/2023;FAC-13;PED-4841;6200000,00;Pendiente;Servicios Públicos;Fisica;Responsable 3
19/08/2022;NT00013;NIT0000000002;Subway;COP;22/01/2023;FAC-13;PED-4842;9000000,00;Pendiente;Consultoría;Fisica;Responsable 3
18/05/2024;NT00013;NIT0000000003;Sodexo;COP;17/03/2025;FAC-13;PED-4843;11000000,00;Pendiente;Servicios Públicos;Fisica;Responsable 3
5/06/2023;NT00013;NIT0000000005;ISS;COP;13/10/2023;FAC-13;PED-4845;9800000,00;Pendiente;Servicios Públicos;Fisica;Responsable 3
6/12/2024;NT00013;NIT0000000006;Rentokil;COP;6/05/2024;FAC-13;PED-4846;1200000,00;Pendiente;Servicios Públicos;Fisica;Responsable 3
4/10/2023;NT00013;NIT0000000008;IBM;COP;11/10/2025;FAC-13;PED-4848;50000000,00;Pendiente;Tecnologia;Fisica;Responsable 3
19/09/2025;NT00013;NIT0000000009;Oma;COP;28/06/2022;FAC-13;PED-4849;6400000,00;Pendiente;Consultoría;Fisica;Responsable 3
15/03/2024;NT00013;NIT0000000010;Deloitte;COP;6/09/2024;FAC-13;PED-4850;40000000,00;Pendiente;Servicios;Fisica;Responsable 3
16/08/2025;NT00013;NIT0000000011;Apple;COP;1/12/2022;FAC-13;PED-4851;45000000,00;Pendiente;Tecnologia;Fisica;Responsable 3
29/04/2025;NT00013;NIT0000000012;Intel;COP;31/12/2023;FAC-13;PED-4852;32000000,00;Pendiente;Tecnologia;Fisica;Responsable 3
17/09/2023;NT00013;NIT0000000013;General Mills;COP;14/06/2025;FAC-13;PED-4853;32500000,00;Pendiente;Alimentación;Fisica;Responsable 3
24/03/2023;NT00013;NIT0000000014;Unilever;COP;14/11/2024;FAC-13;PED-4854;41000000,00;Pendiente;Alimentación;Fisica;Responsable 3
26/09/2022;NT00013;NIT0000000015;Dunkin Donuts;COP;29/08/2022;FAC-13;PED-4855;35000000,00;Pendiente;Consultoría;Fisica;Responsable 3
1/03/2022;NT00013;NIT0000000017;Aramark;COP;14/08/2024;FAC-13;PED-4857;12000000,00;Pendiente;Servicios Públicos;Fisica;Responsable 3
28/05/2023;NT00013;NIT0000000018;E.ON;COP;22/04/2023;FAC-13;PED-4858;18000000,00;Pendiente;Energía;Fisica;Responsable 3
22/02/2024;NT00013;NIT0000000020;Iberdrola;COP;15/09/2025;FAC-13;PED-4860;17500000,00;Pendiente;Energía;Fisica;Responsable 3
29/11/2022;NT00013;NIT0000000021;Engie;COP;24/06/2024;FAC-13;PED-4861;22000000,00;Pendiente;Energía;Fisica;Responsable 3
14/03/2025;NT00013;NIT0000000023;TCS;COP;2/08/2024;FAC-13;PED-4863;120000000,00;Pendiente;Servicios;Fisica;Responsable 3
21/02/2022;NT00013;NIT0000000024;PepsiCo;COP;16/04/2023;FAC-13;PED-4864;35000000,00;Pendiente;Alimentación;Fisica;Responsable 3
1/02/2023;NT00013;NIT0000000025;PwC;COP;20/05/2022;FAC-13;PED-4865;28000000,00;Pendiente;Servicios;Fisica;Responsable 3
26/12/2023;NT00013;NIT0000000027;Duke Energy;COP;24/11/2025;FAC-13;PED-4867;21500000,00;Pendiente;Energía;Fisica;Responsable 3
3/09/2024;NT00013;NIT0000000028;McKinsey;COP;2/09/2023;FAC-13;PED-4868;150000000,00;Pendiente;Servicios;Fisica;Responsable 3
22/10/2023;NT00013;NIT0000000029;Danone;COP;21/04/2025;FAC-13;PED-4869;5800000,00;Pendiente;Alimentación;Fisica;Responsable 3
24/09/2022;NT00013;NIT0000000030;Facebook;COP;4/08/2024;FAC-13;PED-4870;5000000,00;Pendiente;Tecnologia;Fisica;Responsable 3
10/01/2023;NT00013;NIT0000000031;Microsoft;COP;29/02/2024;FAC-13;PED-4871;36000000,00;Pendiente;Tecnologia;Fisica;Responsable 3
1/07/2022;NT00013;NIT0000000032;Enel;COP;9/08/2025;FAC-13;PED-4872;20000000,00;Pendiente;Energía;Fisica;Responsable 3
31/12/2023;NT00013;NIT0000000033;Coca-Cola;COP;9/02/2025;FAC-13;PED-4873;9000000,00;Pendiente;Alimentación;Fisica;Responsable 3
16/08/2022;NT00013;NIT0000000035;Kellogg;COP;17/03/2024;FAC-13;PED-4875;12600000,00;Pendiente;Alimentación;Fisica;Responsable 3
21/12/2022;NT00013;NIT0000000036;Southern Company;COP;11/12/2025;FAC-13;PED-4876;19800000,00;Pendiente;Energía;Fisica;Responsable 3
7/08/2024;NT00013;NIT0000000037;Kraft Heinz;COP;9/05/2023;FAC-13;PED-4877;9000000,00;Pendiente;Alimentación;Fisica;Responsable 3
15/10/2024;NT00013;NIT0000000038;G4S;COP;14/07/2024;FAC-13;PED-4878;8500000,00;Pendiente;Servicios Públicos;Fisica;Responsable 3
13/09/2023;NT00013;NIT0000000040;RWE;COP;14/11/2024;FAC-13;PED-4880;19000000,00;Pendiente;Energía;Fisica;Responsable 3
2/12/2025;NT00013;NIT0000000041;Juan Valdez;COP;22/01/2025;FAC-13;PED-4881;8400000,00;Pendiente;Consultoría;Fisica;Responsable 3
13/12/2024;NT00013;NIT0000000042;Compass Group;COP;9/01/2024;FAC-13;PED-4882;10500000,00;Pendiente;Servicios Públicos;Fisica;Responsable 3
18/06/2022;NT00013;NIT0000000043;Serco;COP;20/05/2023;FAC-13;PED-4883;9000000,00;Pendiente;Servicios Públicos;Fisica;Responsable 3
24/07/2025;NT00013;NIT0000000045;NextEra Energy;COP;14/05/2023;FAC-13;PED-4885;23000000,00;Pendiente;Energía;Fisica;Responsable 3
27/12/2022;NT00013;NIT0000000046;Exelon;COP;10/01/2024;FAC-13;PED-4886;18700000,00;Pendiente;Energía;Fisica;Responsable 3
13/06/2022;NT00013;NIT0000000047;EDF;COP;8/12/2023;FAC-13;PED-4887;19200000,00;Pendiente;Energía;Fisica;Responsable 3
24/06/2023;NT00013;NIT0000000048;Oracle;COP;15/11/2024;FAC-13;PED-4888;80000000,00;Pendiente;Tecnologia;Fisica;Responsable 3
19/12/2024;NT00013;NIT0000000049;Starbucks;COP;4/09/2024;FAC-13;PED-4889;5500000,00;Pendiente;Consultoría;Fisica;Responsable 3
27/10/2025;NT00013;NIT0000000050;Accenture;COP;10/07/2024;FAC-13;PED-4890;95000000,00;Pendiente;Servicios;Fisica;Responsable 3
22/05/2023;NT00013;NIT0000000051;Mondelez;COP;6/01/2023;FAC-13;PED-4891;13800000,00;Pendiente;Alimentación;Fisica;Responsable 3
31/08/2023;NT00013;NIT0000000052;KPMG;COP;27/05/2024;FAC-13;PED-4892;30000000,00;Pendiente;Servicios;Fisica;Responsable 3
16/04/2025;NT00013;NIT0000000053;Cisco;COP;13/10/2024;FAC-13;PED-4893;35000000,00;Pendiente;Tecnologia;Fisica;Responsable 3
16/11/2022;NT00013;NIT0000000056;Burger King;COP;3/03/2022;FAC-13;PED-4896;90000000,00;Pendiente;Consultoría;Fisica;Responsable 3
7/07/2022;NT00013;NIT0000000057;KFC;COP;5/09/2023;FAC-13;PED-4897;38000000,00;Pendiente;Consultoría;Fisica;Responsable 3
7/09/2023;NT00013;NIT0000000058;Capgemini;COP;6/01/2025;FAC-13;PED-4898;80000000,00;Pendiente;Servicios;Fisica;Responsable 3
18/04/2024;NT00013;NIT0000000059;Amazon;COP;3/12/2024;FAC-13;PED-4899;22000000,00;Pendiente;Tecnologia;Fisica;Responsable 3
24/06/2025;NT00013;NIT0000000060;Tostao;COP;16/05/2022;FAC-13;PED-4900;7600000,00;Pendiente;Consultoría;Fisica;Responsable 3
25/05/2024;NT00013;NIT0000000061;McDonald's;COP;16/06/2024;FAC-13;PED-4901;60000000,00;Pendiente;Consultoría;Fisica;Responsable 3
11/05/2024;NT00013;NIT0000000062;Bain;COP;10/12/2022;FAC-13;PED-4902;70000000,00;Pendiente;Servicios;Fisica;Responsable 3
12/02/2023;NT00013;NIT0000000063;Procter & Gamble;COP;10/04/2023;FAC-13;PED-4903;14400000,00;Pendiente;Alimentación;Fisica;Responsable 3
5/08/2025;NT00013;NIT0000000064;Securitas;COP;1/07/2025;FAC-13;PED-4904;8700000,00;Pendiente;Servicios Públicos;Fisica;Responsable 3
5/02/2025;NT00013;NIT0000000065;Crepes & Waffles;COP;23/12/2022;FAC-13;PED-4905;15000000,00;Pendiente;Consultoría;Fisica;Responsable 3
9/08/2022;NT00013;NIT0000000066;SAP;COP;28/01/2025;FAC-13;PED-4906;240000000,00;Pendiente;Tecnologia;Fisica;Responsable 3
28/07/2022;NT00013;NIT0000000067;Mitie;COP;14/05/2023;FAC-13;PED-4907;7500000,00;Pendiente;Servicios Públicos;Fisica;Responsable 3
14/10/2022;NT00013;NIT0000000068;EY;COP;17/09/2023;FAC-13;PED-4908;35000000,00;Pendiente;Servicios;Fisica;Responsable 3
3/12/2022;NT00013;NIT0000000069;BCG;COP;18/11/2023;FAC-13;PED-4909;145000000,00;Pendiente;Servicios;Fisica;Responsable 3
3/01/2022;NT00013;NIT0000000070;Google;COP;16/08/2025;FAC-13;PED-4910;15000000,00;Pendiente;Tecnologia;Fisica;Responsable 3
28/06/2023;NT00014;NIT0000000001;ABM;COP;3/04/2022;FAC-14;PED-4911;6200000,00;Pagada;Servicios Públicos;Electronica;Responsable 4
10/12/2023;NT00014;NIT0000000002;Subway;COP;26/02/2024;FAC-14;PED-4912;9000000,00;Pagada;Consultoría;Electronica;Responsable 4
15/02/2025;NT00014;NIT0000000003;Sodexo;COP;29/12/2023;FAC-14;PED-4913;11000000,00;Pagada;Servicios Públicos;Electronica;Responsable 4
14/11/2024;NT00014;NIT0000000005;ISS;COP;15/10/2025;FAC-14;PED-4915;9800000,00;Pagada;Servicios Públicos;Electronica;Responsable 4
13/12/2025;NT00014;NIT0000000006;Rentokil;COP;11/04/2025;FAC-14;PED-4916;1200000,00;Pagada;Servicios Públicos;Electronica;Responsable 4
17/07/2023;NT00014;NIT0000000008;IBM;COP;3/09/2025;FAC-14;PED-4918;50000000,00;Pagada;Tecnologia;Electronica;Responsable 4
15/02/2024;NT00014;NIT0000000009;Oma;COP;13/04/2022;FAC-14;PED-4919;6400000,00;Pagada;Consultoría;Electronica;Responsable 4
5/12/2025;NT00014;NIT0000000010;Deloitte;COP;5/04/2023;FAC-14;PED-4920;40000000,00;Pagada;Servicios;Electronica;Responsable 4
20/05/2022;NT00014;NIT0000000011;Apple;COP;8/04/2024;FAC-14;PED-4921;45000000,00;Pagada;Tecnologia;Electronica;Responsable 4
4/04/2024;NT00014;NIT0000000012;Intel;COP;11/12/2024;FAC-14;PED-4922;32000000,00;Pagada;Tecnologia;Electronica;Responsable 4
12/12/2022;NT00014;NIT0000000013;General Mills;COP;21/04/2024;FAC-14;PED-4923;13000000,00;Pagada;Alimentación;Electronica;Responsable 4
6/05/2022;NT00014;NIT0000000014;Unilever;COP;25/06/2022;FAC-14;PED-4924;16400000,00;Pagada;Alimentación;Electronica;Responsable 4
23/12/2023;NT00014;NIT0000000015;Dunkin Donuts;COP;14/09/2023;FAC-14;PED-4925;35000000,00;Pagada;Consultoría;Electronica;Responsable 4
19/03/2022;NT00014;NIT0000000017;Aramark;COP;18/09/2022;FAC-14;PED-4927;12000000,00;Pagada;Servicios Públicos;Electronica;Responsable 4
24/04/2023;NT00014;NIT0000000020;Iberdrola;COP;3/04/2024;FAC-14;PED-4930;17500000,00;Pagada;Energía;Electronica;Responsable 4
20/08/2022;NT00014;NIT0000000021;Engie;COP;7/05/2024;FAC-14;PED-4931;22000000,00;Pagada;Energía;Electronica;Responsable 4
6/09/2023;NT00014;NIT0000000023;TCS;COP;26/11/2023;FAC-14;PED-4933;120000000,00;Pagada;Servicios;Electronica;Responsable 4
22/08/2024;NT00014;NIT0000000024;PepsiCo;COP;25/04/2023;FAC-14;PED-4934;7000000,00;Pagada;Alimentación;Electronica;Responsable 4
24/04/2025;NT00014;NIT0000000025;PwC;COP;25/04/2025;FAC-14;PED-4935;28000000,00;Pagada;Servicios;Electronica;Responsable 4
24/01/2022;NT00014;NIT0000000027;Duke Energy;COP;3/09/2022;FAC-14;PED-4937;21500000,00;Pagada;Energía;Electronica;Responsable 4
6/07/2022;NT00014;NIT0000000028;McKinsey;COP;24/09/2025;FAC-14;PED-4938;150000000,00;Pagada;Servicios;Electronica;Responsable 4
30/06/2023;NT00014;NIT0000000029;Danone;COP;29/12/2023;FAC-14;PED-4939;5800000,00;Pagada;Alimentación;Electronica;Responsable 4
5/11/2024;NT00014;NIT0000000030;Facebook;COP;10/06/2022;FAC-14;PED-4940;5000000,00;Pagada;Tecnologia;Electronica;Responsable 4
28/05/2024;NT00014;NIT0000000031;Microsoft;COP;16/12/2024;FAC-14;PED-4941;36000000,00;Pagada;Tecnologia;Electronica;Responsable 4
19/09/2022;NT00014;NIT0000000032;Enel;COP;5/11/2025;FAC-14;PED-4942;20000000,00;Pagada;Energía;Electronica;Responsable 4
12/08/2024;NT00014;NIT0000000033;Coca-Cola;COP;12/03/2025;FAC-14;PED-4943;9000000,00;Pagada;Alimentación;Electronica;Responsable 4
10/11/2024;NT00014;NIT0000000035;Kellogg;COP;4/12/2022;FAC-14;PED-4945;6300000,00;Pagada;Alimentación;Electronica;Responsable 4
25/02/2025;NT00014;NIT0000000036;Southern Company;COP;20/03/2025;FAC-14;PED-4946;19800000,00;Pagada;Energía;Electronica;Responsable 4
30/08/2022;NT00014;NIT0000000037;Kraft Heinz;COP;25/04/2025;FAC-14;PED-4947;4500000,00;Pagada;Alimentación;Electronica;Responsable 4
18/02/2025;NT00014;NIT0000000038;G4S;COP;12/11/2024;FAC-14;PED-4948;8500000,00;Pagada;Servicios Públicos;Electronica;Responsable 4
16/12/2023;NT00014;NIT0000000040;RWE;COP;21/04/2022;FAC-14;PED-4950;19000000,00;Pagada;Energía;Electronica;Responsable 4
10/10/2022;NT00014;NIT0000000041;Juan Valdez;COP;15/07/2023;FAC-14;PED-4951;8400000,00;Pagada;Consultoría;Electronica;Responsable 4
4/06/2025;NT00014;NIT0000000042;Compass Group;COP;14/12/2024;FAC-14;PED-4952;10500000,00;Pagada;Servicios Públicos;Electronica;Responsable 4
24/08/2024;NT00014;NIT0000000043;Serco;COP;19/11/2025;FAC-14;PED-4953;9000000,00;Pagada;Servicios Públicos;Electronica;Responsable 4
20/01/2022;NT00014;NIT0000000045;NextEra Energy;COP;12/12/2025;FAC-14;PED-4955;23000000,00;Pagada;Energía;Electronica;Responsable 4
4/10/2025;NT00014;NIT0000000046;Exelon;COP;20/12/2025;FAC-14;PED-4956;18700000,00;Pagada;Energía;Electronica;Responsable 4
9/06/2025;NT00014;NIT0000000047;EDF;COP;6/02/2025;FAC-14;PED-4957;19200000,00;Pagada;Energía;Electronica;Responsable 4
7/06/2023;NT00014;NIT0000000048;Oracle;COP;30/09/2025;FAC-14;PED-4958;80000000,00;Pagada;Tecnologia;Electronica;Responsable 4
6/12/2025;NT00014;NIT0000000049;Starbucks;COP;13/03/2025;FAC-14;PED-4959;5500000,00;Pagada;Consultoría;Electronica;Responsable 4
18/11/2023;NT00014;NIT0000000050;Accenture;COP;2/09/2022;FAC-14;PED-4960;95000000,00;Pagada;Servicios;Electronica;Responsable 4
27/08/2022;NT00014;NIT0000000051;Mondelez;COP;22/04/2025;FAC-14;PED-4961;6900000,00;Pagada;Alimentación;Electronica;Responsable 4
19/01/2023;NT00014;NIT0000000052;KPMG;COP;28/09/2023;FAC-14;PED-4962;30000000,00;Pagada;Servicios;Electronica;Responsable 4
14/08/2025;NT00014;NIT0000000053;Cisco;COP;29/05/2023;FAC-14;PED-4963;35000000,00;Pagada;Tecnologia;Electronica;Responsable 4
13/12/2023;NT00014;NIT0000000056;Burger King;COP;29/12/2023;FAC-14;PED-4966;90000000,00;Pagada;Consultoría;Electronica;Responsable 4
17/06/2022;NT00014;NIT0000000057;KFC;COP;12/02/2025;FAC-14;PED-4967;38000000,00;Pagada;Consultoría;Electronica;Responsable 4
23/12/2022;NT00014;NIT0000000058;Capgemini;COP;23/03/2025;FAC-14;PED-4968;80000000,00;Pagada;Servicios;Electronica;Responsable 4
28/06/2024;NT00014;NIT0000000059;Amazon;COP;5/11/2024;FAC-14;PED-4969;22000000,00;Pagada;Tecnologia;Electronica;Responsable 4
24/11/2025;NT00014;NIT0000000060;Tostao;COP;10/07/2025;FAC-14;PED-4970;7600000,00;Pagada;Consultoría;Electronica;Responsable 4
22/07/2023;NT00014;NIT0000000061;McDonald's;COP;23/04/2022;FAC-14;PED-4971;60000000,00;Pagada;Consultoría;Electronica;Responsable 4
29/06/2022;NT00014;NIT0000000062;Bain;COP;10/01/2022;FAC-14;PED-4972;140000000,00;Pagada;Servicios;Electronica;Responsable 4
4/02/2022;NT00014;NIT0000000063;Procter & Gamble;COP;25/08/2023;FAC-14;PED-4973;14400000,00;Pagada;Alimentación;Electronica;Responsable 4
30/09/2022;NT00014;NIT0000000064;Securitas;COP;8/01/2022;FAC-14;PED-4974;8700000,00;Pagada;Servicios Públicos;Electronica;Responsable 4
15/05/2025;NT00014;NIT0000000065;Crepes & Waffles;COP;5/10/2024;FAC-14;PED-4975;7500000,00;Pagada;Consultoría;Electronica;Responsable 4
26/07/2022;NT00014;NIT0000000066;SAP;COP;16/05/2022;FAC-14;PED-4976;240000000,00;Pagada;Tecnologia;Electronica;Responsable 4
5/10/2025;NT00014;NIT0000000067;Mitie;COP;3/10/2023;FAC-14;PED-4977;7500000,00;Pagada;Servicios Públicos;Electronica;Responsable 4
27/10/2023;NT00014;NIT0000000068;EY;COP;6/11/2023;FAC-14;PED-4978;35000000,00;Pagada;Servicios;Electronica;Responsable 4
12/10/2022;NT00014;NIT0000000069;BCG;COP;10/01/2022;FAC-14;PED-4979;145000000,00;Pagada;Servicios;Electronica;Responsable 4
18/01/2022;NT00014;NIT0000000070;Google;COP;2/05/2022;FAC-14;PED-4980;15000000,00;Pagada;Tecnologia;Electronica;Responsable 4
10/05/2024;NT00015;NIT0000000001;ABM;COP;10/02/2024;FAC-15;PED-4981;6200000,00;Pendiente;Servicios Públicos;Fisica;Responsable 5
10/03/2023;NT00015;NIT0000000002;Subway;COP;13/11/2025;FAC-15;PED-4982;9000000,00;Pendiente;Consultoría;Fisica;Responsable 5
25/07/2024;NT00015;NIT0000000003;Sodexo;COP;7/12/2023;FAC-15;PED-4983;11000000,00;Pendiente;Servicios Públicos;Fisica;Responsable 5
23/02/2022;NT00015;NIT0000000005;ISS;COP;27/12/2024;FAC-15;PED-4985;9800000,00;Pendiente;Servicios Públicos;Fisica;Responsable 5
28/04/2024;NT00015;NIT0000000006;Rentokil;COP;13/12/2022;FAC-15;PED-4986;1200000,00;Pendiente;Servicios Públicos;Fisica;Responsable 5
9/09/2024;NT00015;NIT0000000008;IBM;COP;21/05/2025;FAC-15;PED-4988;50000000,00;Pendiente;Tecnologia;Fisica;Responsable 5
12/05/2023;NT00015;NIT0000000009;Oma;COP;8/05/2023;FAC-15;PED-4989;3200000,00;Pendiente;Consultoría;Fisica;Responsable 5
29/01/2023;NT00015;NIT0000000010;Deloitte;COP;2/11/2022;FAC-15;PED-4990;40000000,00;Pendiente;Servicios;Fisica;Responsable 5
9/05/2024;NT00015;NIT0000000011;Apple;COP;12/01/2024;FAC-15;PED-4991;45000000,00;Pendiente;Tecnologia;Fisica;Responsable 5
5/09/2022;NT00015;NIT0000000012;Intel;COP;8/11/2023;FAC-15;PED-4992;32000000,00;Pendiente;Tecnologia;Fisica;Responsable 5
22/10/2022;NT00015;NIT0000000013;General Mills;COP;25/05/2023;FAC-15;PED-4993;13000000,00;Pendiente;Alimentación;Fisica;Responsable 5
16/03/2024;NT00015;NIT0000000014;Unilever;COP;10/12/2022;FAC-15;PED-4994;16400000,00;Pendiente;Alimentación;Fisica;Responsable 5
17/10/2022;NT00015;NIT0000000015;Dunkin Donuts;COP;7/04/2022;FAC-15;PED-4995;35000000,00;Pendiente;Consultoría;Fisica;Responsable 5
3/11/2025;NT00015;NIT0000000017;Aramark;COP;11/02/2022;FAC-15;PED-4997;12000000,00;Pendiente;Servicios Públicos;Fisica;Responsable 5
1/04/2024;NT00015;NIT0000000018;E.ON;COP;16/11/2022;FAC-15;PED-4998;18000000,00;Pendiente;Energía;Fisica;Responsable 5
12/01/2024;NT00015;NIT0000000020;Iberdrola;COP;17/07/2024;FAC-15;PED-5000;17500000,00;Pendiente;Energía;Fisica;Responsable 5
29/06/2023;NT00015;NIT0000000021;Engie;COP;21/10/2023;FAC-15;PED-5001;22000000,00;Pendiente;Energía;Fisica;Responsable 5
25/02/2025;NT00015;NIT0000000023;TCS;COP;14/06/2022;FAC-15;PED-5003;120000000,00;Pendiente;Servicios;Fisica;Responsable 5
6/01/2024;NT00015;NIT0000000024;PepsiCo;COP;17/05/2022;FAC-15;PED-5004;14000000,00;Pendiente;Alimentación;Fisica;Responsable 5
15/04/2024;NT00015;NIT0000000025;PwC;COP;5/12/2022;FAC-15;PED-5005;28000000,00;Pendiente;Servicios;Fisica;Responsable 5
22/06/2024;NT00015;NIT0000000027;Duke Energy;COP;26/03/2025;FAC-15;PED-5007;21500000,00;Pendiente;Energía;Fisica;Responsable 5
10/04/2023;NT00015;NIT0000000028;McKinsey;COP;9/01/2022;FAC-15;PED-5008;150000000,00;Pendiente;Servicios;Fisica;Responsable 5
31/12/2024;NT00015;NIT0000000029;Danone;COP;11/12/2023;FAC-15;PED-5009;5800000,00;Pendiente;Alimentación;Fisica;Responsable 5
16/12/2022;NT00015;NIT0000000030;Facebook;COP;19/11/2023;FAC-15;PED-5010;5000000,00;Pendiente;Tecnologia;Fisica;Responsable 5
7/02/2022;NT00015;NIT0000000031;Microsoft;COP;28/10/2022;FAC-15;PED-5011;36000000,00;Pendiente;Tecnologia;Fisica;Responsable 5
6/06/2023;NT00015;NIT0000000032;Enel;COP;8/03/2025;FAC-15;PED-5012;20000000,00;Pendiente;Energía;Fisica;Responsable 5
22/08/2024;NT00015;NIT0000000033;Coca-Cola;COP;26/10/2024;FAC-15;PED-5013;9000000,00;Pendiente;Alimentación;Fisica;Responsable 5
6/12/2025;NT00015;NIT0000000035;Kellogg;COP;25/12/2024;FAC-15;PED-5015;6300000,00;Pendiente;Alimentación;Fisica;Responsable 5
19/06/2024;NT00015;NIT0000000036;Southern Company;COP;25/09/2024;FAC-15;PED-5016;19800000,00;Pendiente;Energía;Fisica;Responsable 5
8/03/2022;NT00015;NIT0000000037;Kraft Heinz;COP;9/01/2025;FAC-15;PED-5017;4500000,00;Pendiente;Alimentación;Fisica;Responsable 5
28/05/2025;NT00015;NIT0000000038;G4S;COP;20/09/2025;FAC-15;PED-5018;8500000,00;Pendiente;Servicios Públicos;Fisica;Responsable 5
4/06/2024;NT00015;NIT0000000040;RWE;COP;8/10/2022;FAC-15;PED-5020;19000000,00;Pendiente;Energía;Fisica;Responsable 5
15/01/2023;NT00015;NIT0000000041;Juan Valdez;COP;19/01/2024;FAC-15;PED-5021;4200000,00;Pendiente;Consultoría;Fisica;Responsable 5
1/06/2022;NT00015;NIT0000000042;Compass Group;COP;23/09/2023;FAC-15;PED-5022;10500000,00;Pendiente;Servicios Públicos;Fisica;Responsable 5
13/05/2022;NT00015;NIT0000000043;Serco;COP;8/07/2025;FAC-15;PED-5023;9000000,00;Pendiente;Servicios Públicos;Fisica;Responsable 5
3/12/2022;NT00015;NIT0000000045;NextEra Energy;COP;15/02/2024;FAC-15;PED-5025;23000000,00;Pendiente;Energía;Fisica;Responsable 5
6/06/2023;NT00015;NIT0000000046;Exelon;COP;5/02/2023;FAC-15;PED-5026;18700000,00;Pendiente;Energía;Fisica;Responsable 5
10/03/2023;NT00015;NIT0000000047;EDF;COP;27/02/2022;FAC-15;PED-5027;19200000,00;Pendiente;Energía;Fisica;Responsable 5
18/10/2024;NT00015;NIT0000000048;Oracle;COP;2/07/2023;FAC-15;PED-5028;80000000,00;Pendiente;Tecnologia;Fisica;Responsable 5
1/01/2022;NT00015;NIT0000000049;Starbucks;COP;24/12/2023;FAC-15;PED-5029;5500000,00;Pendiente;Consultoría;Fisica;Responsable 5
11/06/2022;NT00015;NIT0000000050;Accenture;COP;24/06/2024;FAC-15;PED-5030;95000000,00;Pendiente;Servicios;Fisica;Responsable 5
21/03/2024;NT00015;NIT0000000051;Mondelez;COP;9/08/2023;FAC-15;PED-5031;6900000,00;Pendiente;Alimentación;Fisica;Responsable 5
17/11/2025;NT00015;NIT0000000052;KPMG;COP;4/06/2024;FAC-15;PED-5032;30000000,00;Pendiente;Servicios;Fisica;Responsable 5
22/12/2025;NT00015;NIT0000000053;Cisco;COP;19/11/2025;FAC-15;PED-5033;35000000,00;Pendiente;Tecnologia;Fisica;Responsable 5
31/12/2022;NT00015;NIT0000000056;Burger King;COP;26/01/2023;FAC-15;PED-5036;45000000,00;Pendiente;Consultoría;Fisica;Responsable 5
7/12/2022;NT00015;NIT0000000057;KFC;COP;12/08/2024;FAC-15;PED-5037;38000000,00;Pendiente;Consultoría;Fisica;Responsable 5
3/02/2022;NT00015;NIT0000000058;Capgemini;COP;12/05/2023;FAC-15;PED-5038;80000000,00;Pendiente;Servicios;Fisica;Responsable 5
24/07/2025;NT00015;NIT0000000059;Amazon;COP;11/09/2024;FAC-15;PED-5039;22000000,00;Pendiente;Tecnologia;Fisica;Responsable 5
15/01/2024;NT00015;NIT0000000060;Tostao;COP;29/01/2024;FAC-15;PED-5040;3800000,00;Pendiente;Consultoría;Fisica;Responsable 5
13/09/2023;NT00015;NIT0000000061;McDonald's;COP;13/10/2025;FAC-15;PED-5041;120000000,00;Pendiente;Consultoría;Fisica;Responsable 5
26/02/2024;NT00015;NIT0000000062;Bain;COP;30/01/2024;FAC-15;PED-5042;140000000,00;Pendiente;Servicios;Fisica;Responsable 5
13/03/2022;NT00015;NIT0000000063;Procter & Gamble;COP;24/06/2025;FAC-15;PED-5043;7200000,00;Pendiente;Alimentación;Fisica;Responsable 5
11/01/2022;NT00015;NIT0000000064;Securitas;COP;10/01/2024;FAC-15;PED-5044;8700000,00;Pendiente;Servicios Públicos;Fisica;Responsable 5
13/07/2024;NT00015;NIT0000000065;Crepes & Waffles;COP;9/04/2022;FAC-15;PED-5045;15000000,00;Pendiente;Consultoría;Fisica;Responsable 5
10/09/2022;NT00015;NIT0000000066;SAP;COP;6/05/2025;FAC-15;PED-5046;240000000,00;Pendiente;Tecnologia;Fisica;Responsable 5
27/05/2024;NT00015;NIT0000000067;Mitie;COP;23/09/2024;FAC-15;PED-5047;7500000,00;Pendiente;Servicios Públicos;Fisica;Responsable 5
19/03/2023;NT00015;NIT0000000068;EY;COP;22/02/2022;FAC-15;PED-5048;35000000,00;Pendiente;Servicios;Fisica;Responsable 5
5/04/2025;NT00015;NIT0000000069;BCG;COP;6/04/2023;FAC-15;PED-5049;145000000,00;Pendiente;Servicios;Fisica;Responsable 5
13/01/2024;NT00015;NIT0000000070;Google;COP;19/08/2024;FAC-15;PED-5050;15000000,00;Pendiente;Tecnologia;Fisica;Responsable 5
1/10/2025;NT00016;NIT0000000001;ABM;COP;26/02/2024;FAC-16;PED-5051;6200000,00;Pagada;Servicios Públicos;Electronica;Responsable 6
25/03/2024;NT00016;NIT0000000002;Subway;COP;6/11/2022;FAC-16;PED-5052;18000000,00;Pagada;Consultoría;Electronica;Responsable 6
21/04/2022;NT00016;NIT0000000003;Sodexo;COP;1/08/2022;FAC-16;PED-5053;11000000,00;Pagada;Servicios Públicos;Electronica;Responsable 6
3/05/2023;NT00016;NIT0000000005;ISS;COP;31/05/2025;FAC-16;PED-5055;9800000,00;Pagada;Servicios Públicos;Electronica;Responsable 6
13/02/2023;NT00016;NIT0000000006;Rentokil;COP;28/05/2025;FAC-16;PED-5056;1200000,00;Pagada;Servicios Públicos;Electronica;Responsable 6
20/03/2023;NT00016;NIT0000000008;IBM;COP;23/01/2022;FAC-16;PED-5058;50000000,00;Pagada;Tecnologia;Electronica;Responsable 6
5/11/2024;NT00016;NIT0000000009;Oma;COP;12/12/2025;FAC-16;PED-5059;6400000,00;Pagada;Consultoría;Electronica;Responsable 6
18/12/2023;NT00016;NIT0000000010;Deloitte;COP;8/12/2024;FAC-16;PED-5060;40000000,00;Pagada;Servicios;Electronica;Responsable 6
12/01/2023;NT00016;NIT0000000011;Apple;COP;17/01/2024;FAC-16;PED-5061;45000000,00;Pagada;Tecnologia;Electronica;Responsable 6
5/06/2022;NT00016;NIT0000000012;Intel;COP;4/06/2022;FAC-16;PED-5062;32000000,00;Pagada;Tecnologia;Electronica;Responsable 6
13/12/2022;NT00016;NIT0000000013;General Mills;COP;14/07/2023;FAC-16;PED-5063;6500000,00;Pagada;Alimentación;Electronica;Responsable 6
31/01/2022;NT00016;NIT0000000014;Unilever;COP;15/08/2024;FAC-16;PED-5064;8200000,00;Pagada;Alimentación;Electronica;Responsable 6
8/12/2022;NT00016;NIT0000000015;Dunkin Donuts;COP;29/06/2023;FAC-16;PED-5065;70000000,00;Pagada;Consultoría;Electronica;Responsable 6
2/08/2024;NT00016;NIT0000000017;Aramark;COP;28/12/2025;FAC-16;PED-5067;12000000,00;Pagada;Servicios Públicos;Electronica;Responsable 6
8/08/2025;NT00016;NIT0000000018;E.ON;COP;2/08/2024;FAC-16;PED-5068;18000000,00;Pagada;Energía;Electronica;Responsable 6
15/07/2025;NT00016;NIT0000000020;Iberdrola;COP;8/07/2023;FAC-16;PED-5070;17500000,00;Pagada;Energía;Electronica;Responsable 6
17/12/2022;NT00016;NIT0000000021;Engie;COP;22/04/2025;FAC-16;PED-5071;22000000,00;Pagada;Energía;Electronica;Responsable 6
16/05/2025;NT00016;NIT0000000023;TCS;COP;15/12/2025;FAC-16;PED-5073;120000000,00;Pagada;Servicios;Electronica;Responsable 6
17/10/2025;NT00016;NIT0000000024;PepsiCo;COP;17/05/2025;FAC-16;PED-5074;7000000,00;Pagada;Alimentación;Electronica;Responsable 6
31/01/2024;NT00016;NIT0000000025;PwC;COP;14/02/2024;FAC-16;PED-5075;28000000,00;Pagada;Servicios;Electronica;Responsable 6
22/02/2025;NT00016;NIT0000000027;Duke Energy;COP;3/05/2025;FAC-16;PED-5077;21500000,00;Pagada;Energía;Electronica;Responsable 6
2/10/2022;NT00016;NIT0000000028;McKinsey;COP;2/12/2025;FAC-16;PED-5078;150000000,00;Pagada;Servicios;Electronica;Responsable 6
4/01/2024;NT00016;NIT0000000029;Danone;COP;8/05/2022;FAC-16;PED-5079;5800000,00;Pagada;Alimentación;Electronica;Responsable 6
18/02/2025;NT00016;NIT0000000030;Facebook;COP;26/02/2024;FAC-16;PED-5080;5000000,00;Pagada;Tecnologia;Electronica;Responsable 6
30/07/2024;NT00016;NIT0000000031;Microsoft;COP;20/05/2024;FAC-16;PED-5081;36000000,00;Pagada;Tecnologia;Electronica;Responsable 6
9/05/2023;NT00016;NIT0000000032;Enel;COP;24/06/2024;FAC-16;PED-5082;20000000,00;Pagada;Energía;Electronica;Responsable 6
30/06/2024;NT00016;NIT0000000033;Coca-Cola;COP;2/08/2024;FAC-16;PED-5083;9000000,00;Pagada;Alimentación;Electronica;Responsable 6
2/11/2022;NT00016;NIT0000000035;Kellogg;COP;22/05/2024;FAC-16;PED-5085;6300000,00;Pagada;Alimentación;Electronica;Responsable 6
19/01/2022;NT00016;NIT0000000036;Southern Company;COP;15/03/2025;FAC-16;PED-5086;19800000,00;Pagada;Energía;Electronica;Responsable 6
6/02/2024;NT00016;NIT0000000037;Kraft Heinz;COP;17/11/2022;FAC-16;PED-5087;4500000,00;Pagada;Alimentación;Electronica;Responsable 6
11/07/2024;NT00016;NIT0000000038;G4S;COP;11/07/2022;FAC-16;PED-5088;8500000,00;Pagada;Servicios Públicos;Electronica;Responsable 6
19/09/2024;NT00016;NIT0000000040;RWE;COP;26/06/2024;FAC-16;PED-5090;19000000,00;Pagada;Energía;Electronica;Responsable 6
10/03/2025;NT00016;NIT0000000041;Juan Valdez;COP;12/11/2023;FAC-16;PED-5091;8400000,00;Pagada;Consultoría;Electronica;Responsable 6
3/05/2025;NT00016;NIT0000000042;Compass Group;COP;23/10/2022;FAC-16;PED-5092;10500000,00;Pagada;Servicios Públicos;Electronica;Responsable 6
7/04/2025;NT00016;NIT0000000043;Serco;COP;20/10/2023;FAC-16;PED-5093;9000000,00;Pagada;Servicios Públicos;Electronica;Responsable 6
27/12/2023;NT00016;NIT0000000045;NextEra Energy;COP;5/09/2025;FAC-16;PED-5095;23000000,00;Pagada;Energía;Electronica;Responsable 6
8/10/2025;NT00016;NIT0000000046;Exelon;COP;24/01/2023;FAC-16;PED-5096;18700000,00;Pagada;Energía;Electronica;Responsable 6
19/10/2023;NT00016;NIT0000000047;EDF;COP;2/06/2024;FAC-16;PED-5097;19200000,00;Pagada;Energía;Electronica;Responsable 6
7/08/2022;NT00016;NIT0000000048;Oracle;COP;24/01/2022;FAC-16;PED-5098;80000000,00;Pagada;Tecnologia;Electronica;Responsable 6
11/09/2025;NT00016;NIT0000000049;Starbucks;COP;16/02/2023;FAC-16;PED-5099;11000000,00;Pagada;Consultoría;Electronica;Responsable 6
28/11/2024;NT00016;NIT0000000050;Accenture;COP;26/05/2025;FAC-16;PED-5100;95000000,00;Pagada;Servicios;Electronica;Responsable 6
24/09/2024;NT00016;NIT0000000051;Mondelez;COP;27/10/2024;FAC-16;PED-5101;6900000,00;Pagada;Alimentación;Electronica;Responsable 6
30/03/2024;NT00016;NIT0000000052;KPMG;COP;6/06/2023;FAC-16;PED-5102;30000000,00;Pagada;Servicios;Electronica;Responsable 6
5/05/2022;NT00016;NIT0000000053;Cisco;COP;8/10/2022;FAC-16;PED-5103;35000000,00;Pagada;Tecnologia;Electronica;Responsable 6
25/11/2022;NT00016;NIT0000000056;Burger King;COP;2/03/2023;FAC-16;PED-5106;135000000,00;Pagada;Consultoría;Electronica;Responsable 6
25/02/2025;NT00016;NIT0000000057;KFC;COP;18/10/2024;FAC-16;PED-5107;114000000,00;Pagada;Consultoría;Electronica;Responsable 6
17/06/2025;NT00016;NIT0000000058;Capgemini;COP;6/06/2024;FAC-16;PED-5108;80000000,00;Pagada;Servicios;Electronica;Responsable 6
5/05/2022;NT00016;NIT0000000059;Amazon;COP;28/03/2025;FAC-16;PED-5109;22000000,00;Pagada;Tecnologia;Electronica;Responsable 6
2/11/2024;NT00016;NIT0000000060;Tostao;COP;25/10/2023;FAC-16;PED-5110;11400000,00;Pagada;Consultoría;Electronica;Responsable 6
2/04/2023;NT00016;NIT0000000061;McDonald's;COP;16/08/2025;FAC-16;PED-5111;180000000,00;Pagada;Consultoría;Electronica;Responsable 6
3/11/2024;NT00016;NIT0000000062;Bain;COP;2/02/2024;FAC-16;PED-5112;140000000,00;Pagada;Servicios;Electronica;Responsable 6
15/11/2022;NT00016;NIT0000000063;Procter & Gamble;COP;18/04/2024;FAC-16;PED-5113;14400000,00;Pagada;Alimentación;Electronica;Responsable 6
17/03/2024;NT00016;NIT0000000064;Securitas;COP;23/06/2022;FAC-16;PED-5114;8700000,00;Pagada;Servicios Públicos;Electronica;Responsable 6
28/01/2024;NT00016;NIT0000000065;Crepes & Waffles;COP;11/09/2024;FAC-16;PED-5115;22500000,00;Pagada;Consultoría;Electronica;Responsable 6
4/01/2023;NT00016;NIT0000000066;SAP;COP;20/07/2025;FAC-16;PED-5116;240000000,00;Pagada;Tecnologia;Electronica;Responsable 6
28/10/2024;NT00016;NIT0000000067;Mitie;COP;12/11/2022;FAC-16;PED-5117;7500000,00;Pagada;Servicios Públicos;Electronica;Responsable 6
6/04/2025;NT00016;NIT0000000068;EY;COP;29/04/2023;FAC-16;PED-5118;35000000,00;Pagada;Servicios;Electronica;Responsable 6
21/11/2023;NT00016;NIT0000000069;BCG;COP;17/08/2025;FAC-16;PED-5119;145000000,00;Pagada;Servicios;Electronica;Responsable 6
11/11/2022;NT00016;NIT0000000070;Google;COP;6/04/2023;FAC-16;PED-5120;15000000,00;Pagada;Tecnologia;Electronica;Responsable 6
10/03/2024;NT00017;NIT0000000001;ABM;COP;1/11/2025;FAC-17;PED-5121;6200000,00;Pendiente;Servicios Públicos;Fisica;Responsable 7
29/04/2022;NT00017;NIT0000000002;Subway;COP;3/12/2022;FAC-17;PED-5122;27000000,00;Pendiente;Consultoría;Fisica;Responsable 7
18/06/2023;NT00017;NIT0000000003;Sodexo;COP;11/03/2023;FAC-17;PED-5123;11000000,00;Pendiente;Servicios Públicos;Fisica;Responsable 7
30/07/2025;NT00017;NIT0000000005;ISS;COP;30/03/2022;FAC-17;PED-5125;9800000,00;Pendiente;Servicios Públicos;Fisica;Responsable 7
12/05/2024;NT00017;NIT0000000006;Rentokil;COP;23/07/2023;FAC-17;PED-5126;1200000,00;Pendiente;Servicios Públicos;Fisica;Responsable 7
16/11/2022;NT00017;NIT0000000008;IBM;COP;29/05/2025;FAC-17;PED-5128;50000000,00;Pendiente;Tecnologia;Fisica;Responsable 7
15/12/2023;NT00017;NIT0000000009;Oma;COP;7/04/2022;FAC-17;PED-5129;9600000,00;Pendiente;Consultoría;Fisica;Responsable 7
19/06/2022;NT00017;NIT0000000010;Deloitte;COP;11/04/2025;FAC-17;PED-5130;40000000,00;Pendiente;Servicios;Fisica;Responsable 7
12/02/2025;NT00017;NIT0000000011;Apple;COP;8/12/2022;FAC-17;PED-5131;45000000,00;Pendiente;Tecnologia;Fisica;Responsable 7
11/03/2024;NT00017;NIT0000000012;Intel;COP;24/03/2025;FAC-17;PED-5132;32000000,00;Pendiente;Tecnologia;Fisica;Responsable 7
2/12/2022;NT00017;NIT0000000013;General Mills;COP;23/01/2022;FAC-17;PED-5133;13000000,00;Pendiente;Alimentación;Fisica;Responsable 7
31/03/2022;NT00017;NIT0000000014;Unilever;COP;16/03/2022;FAC-17;PED-5134;16400000,00;Pendiente;Alimentación;Fisica;Responsable 7
6/08/2022;NT00017;NIT0000000015;Dunkin Donuts;COP;19/05/2023;FAC-17;PED-5135;105000000,00;Pendiente;Consultoría;Fisica;Responsable 7
16/09/2023;NT00017;NIT0000000017;Aramark;COP;17/08/2022;FAC-17;PED-5137;12000000,00;Pendiente;Servicios Públicos;Fisica;Responsable 7
1/09/2023;NT00017;NIT0000000018;E.ON;COP;7/07/2024;FAC-17;PED-5138;18000000,00;Pendiente;Energía;Fisica;Responsable 7
5/09/2024;NT00017;NIT0000000020;Iberdrola;COP;7/04/2023;FAC-17;PED-5140;17500000,00;Pendiente;Energía;Fisica;Responsable 7
19/10/2024;NT00017;NIT0000000021;Engie;COP;14/10/2024;FAC-17;PED-5141;22000000,00;Pendiente;Energía;Fisica;Responsable 7
13/07/2023;NT00017;NIT0000000023;TCS;COP;26/08/2023;FAC-17;PED-5143;120000000,00;Pendiente;Servicios;Fisica;Responsable 7
4/04/2023;NT00017;NIT0000000024;PepsiCo;COP;17/08/2024;FAC-17;PED-5144;14000000,00;Pendiente;Alimentación;Fisica;Responsable 7
2/11/2023;NT00017;NIT0000000025;PwC;COP;29/08/2023;FAC-17;PED-5145;28000000,00;Pendiente;Servicios;Fisica;Responsable 7
6/10/2023;NT00017;NIT0000000027;Duke Energy;COP;17/10/2025;FAC-17;PED-5147;21500000,00;Pendiente;Energía;Fisica;Responsable 7
19/04/2025;NT00017;NIT0000000028;McKinsey;COP;1/04/2023;FAC-17;PED-5148;300000000,00;Pendiente;Servicios;Fisica;Responsable 7
15/04/2024;NT00017;NIT0000000029;Danone;COP;21/10/2023;FAC-17;PED-5149;11600000,00;Pendiente;Alimentación;Fisica;Responsable 7
2/10/2024;NT00017;NIT0000000030;Facebook;COP;6/05/2024;FAC-17;PED-5150;5000000,00;Pendiente;Tecnologia;Fisica;Responsable 7
18/10/2024;NT00017;NIT0000000031;Microsoft;COP;12/12/2025;FAC-17;PED-5151;36000000,00;Pendiente;Tecnologia;Fisica;Responsable 7
7/11/2022;NT00017;NIT0000000032;Enel;COP;26/08/2023;FAC-17;PED-5152;20000000,00;Pendiente;Energía;Fisica;Responsable 7
11/12/2025;NT00017;NIT0000000033;Coca-Cola;COP;31/03/2022;FAC-17;PED-5153;18000000,00;Pendiente;Alimentación;Fisica;Responsable 7
30/01/2024;NT00017;NIT0000000035;Kellogg;COP;8/09/2023;FAC-17;PED-5155;12600000,00;Pendiente;Alimentación;Fisica;Responsable 7
19/06/2022;NT00017;NIT0000000036;Southern Company;COP;4/10/2024;FAC-17;PED-5156;19800000,00;Pendiente;Energía;Fisica;Responsable 7
3/06/2023;NT00017;NIT0000000037;Kraft Heinz;COP;22/10/2023;FAC-17;PED-5157;9000000,00;Pendiente;Alimentación;Fisica;Responsable 7
12/05/2025;NT00017;NIT0000000038;G4S;COP;3/08/2022;FAC-17;PED-5158;8500000,00;Pendiente;Servicios Públicos;Fisica;Responsable 7
6/08/2023;NT00017;NIT0000000040;RWE;COP;20/10/2023;FAC-17;PED-5160;19000000,00;Pendiente;Energía;Fisica;Responsable 7
22/05/2023;NT00017;NIT0000000041;Juan Valdez;COP;5/05/2025;FAC-17;PED-5161;4200000,00;Pendiente;Consultoría;Fisica;Responsable 7
17/06/2025;NT00017;NIT0000000042;Compass Group;COP;20/01/2023;FAC-17;PED-5162;10500000,00;Pendiente;Servicios Públicos;Fisica;Responsable 7
11/12/2023;NT00017;NIT0000000043;Serco;COP;29/09/2024;FAC-17;PED-5163;9000000,00;Pendiente;Servicios Públicos;Fisica;Responsable 7
21/06/2024;NT00017;NIT0000000045;NextEra Energy;COP;18/11/2025;FAC-17;PED-5165;23000000,00;Pendiente;Energía;Fisica;Responsable 7
4/04/2024;NT00017;NIT0000000046;Exelon;COP;20/04/2023;FAC-17;PED-5166;18700000,00;Pendiente;Energía;Fisica;Responsable 7
15/12/2025;NT00017;NIT0000000047;EDF;COP;8/06/2022;FAC-17;PED-5167;19200000,00;Pendiente;Energía;Fisica;Responsable 7
6/09/2024;NT00017;NIT0000000048;Oracle;COP;25/04/2024;FAC-17;PED-5168;80000000,00;Pendiente;Tecnologia;Fisica;Responsable 7
21/03/2022;NT00017;NIT0000000049;Starbucks;COP;10/10/2022;FAC-17;PED-5169;5500000,00;Pendiente;Consultoría;Fisica;Responsable 7
7/08/2025;NT00017;NIT0000000050;Accenture;COP;13/05/2022;FAC-17;PED-5170;95000000,00;Pendiente;Servicios;Fisica;Responsable 7
14/12/2024;NT00017;NIT0000000051;Mondelez;COP;10/10/2024;FAC-17;PED-5171;13800000,00;Pendiente;Alimentación;Fisica;Responsable 7
20/07/2024;NT00017;NIT0000000052;KPMG;COP;13/07/2023;FAC-17;PED-5172;30000000,00;Pendiente;Servicios;Fisica;Responsable 7
4/07/2022;NT00017;NIT0000000053;Cisco;COP;26/07/2025;FAC-17;PED-5173;35000000,00;Pendiente;Tecnologia;Fisica;Responsable 7
21/11/2024;NT00017;NIT0000000056;Burger King;COP;22/02/2024;FAC-17;PED-5176;45000000,00;Pendiente;Consultoría;Fisica;Responsable 7
8/04/2022;NT00017;NIT0000000057;KFC;COP;9/08/2022;FAC-17;PED-5177;38000000,00;Pendiente;Consultoría;Fisica;Responsable 7
12/07/2023;NT00017;NIT0000000058;Capgemini;COP;5/06/2023;FAC-17;PED-5178;80000000,00;Pendiente;Servicios;Fisica;Responsable 7
24/06/2025;NT00017;NIT0000000059;Amazon;COP;9/06/2024;FAC-17;PED-5179;22000000,00;Pendiente;Tecnologia;Fisica;Responsable 7
23/04/2022;NT00017;NIT0000000060;Tostao;COP;14/08/2023;FAC-17;PED-5180;3800000,00;Pendiente;Consultoría;Fisica;Responsable 7
23/03/2025;NT00017;NIT0000000061;McDonald's;COP;23/05/2024;FAC-17;PED-5181;60000000,00;Pendiente;Consultoría;Fisica;Responsable 7
28/08/2025;NT00017;NIT0000000062;Bain;COP;15/06/2022;FAC-17;PED-5182;140000000,00;Pendiente;Servicios;Fisica;Responsable 7
2/09/2023;NT00017;NIT0000000063;Procter & Gamble;COP;13/07/2025;FAC-17;PED-5183;14400000,00;Pendiente;Alimentación;Fisica;Responsable 7
12/03/2022;NT00017;NIT0000000064;Securitas;COP;8/01/2023;FAC-17;PED-5184;8700000,00;Pendiente;Servicios Públicos;Fisica;Responsable 7
19/01/2022;NT00017;NIT0000000065;Crepes & Waffles;COP;31/08/2022;FAC-17;PED-5185;7500000,00;Pendiente;Consultoría;Fisica;Responsable 7
7/05/2025;NT00017;NIT0000000066;SAP;COP;22/06/2022;FAC-17;PED-5186;240000000,00;Pendiente;Tecnologia;Fisica;Responsable 7
24/12/2022;NT00017;NIT0000000067;Mitie;COP;24/06/2025;FAC-17;PED-5187;7500000,00;Pendiente;Servicios Públicos;Fisica;Responsable 7
12/05/2023;NT00017;NIT0000000068;EY;COP;9/06/2025;FAC-17;PED-5188;35000000,00;Pendiente;Servicios;Fisica;Responsable 7
28/12/2023;NT00017;NIT0000000069;BCG;COP;31/12/2023;FAC-17;PED-5189;145000000,00;Pendiente;Servicios;Fisica;Responsable 7
17/02/2023;NT00017;NIT0000000070;Google;COP;19/11/2025;FAC-17;PED-5190;15000000,00;Pendiente;Tecnologia;Fisica;Responsable 7
