Fecha de registro;numero_radicado;nit_proveedor;nombre_proveedor;moneda;fecha_factura;numero_factura;pedido;valor_total;estado_factura;categoria;tipo_factura;responsable
17/02/2025;NT00001;NIT0000000018;E.ON;COP;23/08/2022;FAC-14;PED-4928;$ 54.000.000;Pagada;Energía;Electronica;Responsable 4
22/03/2022;NT00002;NIT0000000032;Enel;COP;8/01/2025;FAC-25;PED-5712;$ 20.000.000;Pendiente;Energía;Fisica;Responsable 5
20/07/2023;NT00003;NIT0000000040;RWE;COP;9/04/2025;FAC-29;PED-6000;$ 19.000.000;Pendiente;Energía;Fisica;Responsable 9
14/11/2024;NT00004;NIT0000000018;E.ON;COP;18/04/2022;FAC-44;PED-7028;$ 18.000.000;Pagada;Energía;Electronica;Responsable 4
4/04/2023;NT00005;NIT0000000032;Enel;COP;18/05/2023;FAC-55;PED-7812;$ 60.000.000;Pendiente;Energía;Fisica;Responsable 5
27/07/2024;NT00006;NIT0000000018;E.ON;COP;12/11/2022;FAC-74;PED-9128;$ 54.000.000;Pagada;Energía;Electronica;Responsable 4
27/01/2025;NT00007;NIT0000000032;Enel;COP;20/09/2025;FAC-85;PED-9912;$ 60.000.000;Pendiente;Energía;Fisica;Responsable 5
17/11/2025;NT00008;NIT0000000008;IBM;COP;14/04/2022;FAC-111;PED-11708;$ 75.000.000;Pendiente;Tecnologia;Fisica;Responsable 1
9/02/2022;NT00009;NIT0000000032;Enel;COP;4/05/2025;FAC-153;PED-14672;$ 60.000.000;Pendiente;Energía;Fisica;Responsable 3
23/03/2022;NT00010;NIT0000000008;IBM;COP;3/10/2025;FAC-213;PED-18848;$ 75.000.000;Pendiente;Tecnologia;Fisica;Responsable 3
20/04/2023;NT00011;NIT0000000008;IBM;COP;11/02/2025;FAC-315;PED-25988;$ 75.000.000;Pendiente;Tecnologia;Fisica;Responsable 5
27/03/2023;NT00012;NIT0000000040;RWE;COP;29/09/2025;FAC-333;PED-27280;$ 57.000.000;Pendiente;Energía;Fisica;Responsable 3
28/03/2025;NT00013;NIT0000000008;IBM;COP;26/11/2022;FAC-417;PED-33128;$ 75.000.000;Pendiente;Tecnologia;Fisica;Responsable 7
24/04/2024;NT00014;NIT0000000032;Enel;COP;9/09/2024;FAC-428;PED-33922;$ 40.000.000;Pagada;Energía;Electronica;Responsable 8
14/07/2023;NT00015;NIT0000000032;Enel;COP;5/02/2023;FAC-507;PED-39452;$ 40.000.000;Pendiente;Energía;Fisica;Responsable 7
14/12/2025;NT00016;NIT0000000008;IBM;COP;30/09/2024;FAC-543;PED-41948;$ 75.000.000;Pendiente;Tecnologia;Fisica;Responsable 3
13/01/2022;NT00017;NIT0000000008;IBM;COP;5/07/2024;FAC-645;PED-49088;$ 75.000.000;Pendiente;Tecnologia;Fisica;Responsable 5
29/11/2025;NT00018;NIT0000000008;IBM;COP;31/07/2023;FAC-747;PED-56228;$ 75.000.000;Pendiente;Tecnologia;Fisica;Responsable 7
30/08/2023;NT00019;NIT0000000032;Enel;COP;1/08/2024;FAC-813;PED-60872;$ 40.000.000;Pendiente;Energía;Fisica;Responsable 3
8/04/2024;NT00020;NIT0000000008;IBM;COP;4/11/2024;FAC-849;PED-63368;$ 75.000.000;Pendiente;Tecnologia;Fisica;Responsable 9
14/03/2023;NT00021;NIT0000000032;Enel;COP;30/11/2022;FAC-915;PED-68012;$ 40.000.000;Pendiente;Energía;Fisica;Responsable 5
25/10/2025;NT00022;NIT0000000008;IBM;COP;24/01/2022;FAC-951;PED-70508;$ 75.000.000;Pendiente;Tecnologia;Fisica;Responsable 1
28/02/2023;NT00023;NIT0000000068;EY;COP;18/05/2024;FAC-1207;PED-88488;$ 35.000.000;Pendiente;Servicios;Fisica;Responsable 7
7/04/2024;NT00024;NIT0000000011;Apple;COP;18/05/2025;FAC-1;PED-4011;$ 45.000.000;Pendiente;Tecnologia;Fisica;Responsable 1
5/02/2024;NT00025;NIT0000000012;Intel;COP;27/05/2024;FAC-1;PED-4012;$ 32.000.000;Pendiente;Tecnologia;Fisica;Responsable 1
20/02/2025;NT00026;NIT0000000013;General Mills;COP;17/12/2023;FAC-1;PED-4013;$ 32.500.000;Pendiente;Alimentación;Fisica;Responsable 1
4/01/2023;NT00027;NIT0000000014;Unilever;COP;17/07/2025;FAC-1;PED-4014;$ 16.400.000;Pendiente;Alimentación;Fisica;Responsable 1
9/06/2023;NT00028;NIT0000000015;Dunkin Donuts;COP;11/09/2022;FAC-1;PED-4015;$ 70.000.000;Pendiente;Consultoría;Fisica;Responsable 1
1/06/2023;NT00029;NIT0000000017;Aramark;COP;18/09/2023;FAC-1;PED-4017;$ 12.000.000;Pendiente;Servicios Públicos;Fisica;Responsable 1
13/11/2025;NT00030;NIT0000000018;E.ON;COP;31/08/2025;FAC-1;PED-4018;$ 36.000.000;Pendiente;Energía;Fisica;Responsable 1
1/05/2024;NT00031;NIT0000000020;Iberdrola;COP;4/05/2024;FAC-1;PED-4020;$ 35.000.000;Pendiente;Energía;Fisica;Responsable 1
7/07/2022;NT00032;NIT0000000021;Engie;COP;17/01/2022;FAC-1;PED-4021;$ 22.000.000;Pendiente;Energía;Fisica;Responsable 1
10/08/2022;NT00033;NIT0000000023;TCS;COP;23/07/2023;FAC-1;PED-4023;$ 120.000.000;Pendiente;Servicios;Fisica;Responsable 1
6/01/2023;NT00034;NIT0000000024;PepsiCo;COP;2/11/2022;FAC-1;PED-4024;$ 21.000.000;Pendiente;Alimentación;Fisica;Responsable 1
27/10/2025;NT00035;NIT0000000025;PwC;COP;1/03/2024;FAC-1;PED-4025;$ 28.000.000;Pendiente;Servicios;Fisica;Responsable 1
4/12/2024;NT00036;NIT0000000027;Duke Energy;COP;9/05/2024;FAC-1;PED-4027;$ 21.500.000;Pendiente;Energía;Fisica;Responsable 1
23/06/2025;NT00037;NIT0000000028;McKinsey;COP;30/01/2022;FAC-1;PED-4028;$ 150.000.000;Pendiente;Servicios;Fisica;Responsable 1
9/03/2022;NT00038;NIT0000000029;Danone;COP;3/07/2025;FAC-1;PED-4029;$ 5.800.000;Pendiente;Alimentación;Fisica;Responsable 1
24/03/2022;NT00039;NIT0000000030;Facebook;COP;22/09/2023;FAC-1;PED-4030;$ 5.000.000;Pendiente;Tecnologia;Fisica;Responsable 1
10/07/2025;NT00040;NIT0000000031;Microsoft;COP;6/05/2025;FAC-1;PED-4031;$ 54.000.000;Pendiente;Tecnologia;Fisica;Responsable 1
6/01/2023;NT00041;NIT0000000032;Enel;COP;16/02/2022;FAC-1;PED-4032;$ 20.000.000;Pendiente;Energía;Fisica;Responsable 1
30/11/2022;NT00042;NIT0000000033;Coca-Cola;COP;9/12/2025;FAC-1;PED-4033;$ 18.000.000;Pendiente;Alimentación;Fisica;Responsable 1
30/04/2025;NT00043;NIT0000000035;Kellogg;COP;24/04/2023;FAC-1;PED-4035;$ 6.300.000;Pendiente;Alimentación;Fisica;Responsable 1
4/02/2023;NT00044;NIT0000000036;Southern Company;COP;26/06/2022;FAC-1;PED-4036;$ 19.800.000;Pendiente;Energía;Fisica;Responsable 1
4/07/2025;NT00045;NIT0000000037;Kraft Heinz;COP;14/01/2022;FAC-1;PED-4037;$ 4.500.000;Pendiente;Alimentación;Fisica;Responsable 1
26/10/2022;NT00046;NIT0000000038;G4S;COP;23/04/2022;FAC-1;PED-4038;$ 8.500.000;Pendiente;Servicios Públicos;Fisica;Responsable 1
8/09/2024;NT00047;NIT0000000040;RWE;COP;23/04/2022;FAC-1;PED-4040;$ 19.000.000;Pendiente;Energía;Fisica;Responsable 1
20/03/2024;NT00048;NIT0000000041;Juan Valdez;COP;24/07/2023;FAC-1;PED-4041;$ 8.400.000;Pendiente;Consultoría;Fisica;Responsable 1
18/10/2025;NT00049;NIT0000000042;Compass Group;COP;12/04/2023;FAC-1;PED-4042;$ 10.500.000;Pendiente;Servicios Públicos;Fisica;Responsable 1
23/02/2022;NT00050;NIT0000000043;Serco;COP;25/04/2025;FAC-1;PED-4043;$ 9.000.000;Pendiente;Servicios Públicos;Fisica;Responsable 1
16/11/2022;NT00051;NIT0000000045;NextEra Energy;COP;4/07/2022;FAC-1;PED-4045;$ 23.000.000;Pendiente;Energía;Fisica;Responsable 1
1/04/2024;NT00052;NIT0000000046;Exelon;COP;19/02/2022;FAC-1;PED-4046;$ 18.700.000;Pendiente;Energía;Fisica;Responsable 1
20/05/2023;NT00053;NIT0000000047;EDF;COP;13/01/2024;FAC-1;PED-4047;$ 19.200.000;Pendiente;Energía;Fisica;Responsable 1
21/05/2022;NT00054;NIT0000000048;Oracle;COP;4/04/2022;FAC-1;PED-4048;$ 120.000.000;Pendiente;Tecnologia;Fisica;Responsable 1
11/03/2022;NT00055;NIT0000000049;Starbucks;COP;7/12/2022;FAC-1;PED-4049;$ 11.000.000;Pendiente;Consultoría;Fisica;Responsable 1
15/02/2022;NT00056;NIT0000000050;Accenture;COP;18/04/2023;FAC-1;PED-4050;$ 95.000.000;Pendiente;Servicios;Fisica;Responsable 1
7/01/2022;NT00057;NIT0000000051;Mondelez;COP;16/02/2022;FAC-1;PED-4051;$ 6.900.000;Pendiente;Alimentación;Fisica;Responsable 1
27/04/2022;NT00058;NIT0000000052;KPMG;COP;26/02/2025;FAC-1;PED-4052;$ 30.000.000;Pendiente;Servicios;Fisica;Responsable 1
23/07/2024;NT00059;NIT0000000053;Cisco;COP;31/01/2024;FAC-1;PED-4053;$ 35.000.000;Pendiente;Tecnologia;Fisica;Responsable 1
20/04/2023;NT00060;NIT0000000056;Burger King;COP;24/09/2024;FAC-1;PED-4056;$ 90.000.000;Pendiente;Consultoría;Fisica;Responsable 1
11/03/2022;NT00061;NIT0000000057;KFC;COP;26/12/2022;FAC-1;PED-4057;$ 76.000.000;Pendiente;Consultoría;Fisica;Responsable 1
18/09/2025;NT00062;NIT0000000058;Capgemini;COP;27/06/2023;FAC-1;PED-4058;$ 80.000.000;Pendiente;Servicios;Fisica;Responsable 1
30/01/2023;NT00063;NIT0000000059;Amazon;COP;30/11/2025;FAC-1;PED-4059;$ 22.000.000;Pendiente;Tecnologia;Fisica;Responsable 1
13/02/2022;NT00064;NIT0000000060;Tostao;COP;18/07/2022;FAC-1;PED-4060;$ 7.600.000;Pendiente;Consultoría;Fisica;Responsable 1
15/11/2022;NT00065;NIT0000000061;McDonald's;COP;29/10/2022;FAC-1;PED-4061;$ 120.000.000;Pendiente;Consultoría;Fisica;Responsable 1
16/04/2024;NT00066;NIT0000000062;Bain;COP;30/10/2022;FAC-1;PED-4062;$ 160.000.000;Pendiente;Servicios;Fisica;Responsable 1
9/05/2022;NT00067;NIT0000000063;Procter & Gamble;COP;19/11/2025;FAC-1;PED-4063;$ 7.200.000;Pendiente;Alimentación;Fisica;Responsable 1
12/03/2022;NT00068;NIT0000000064;Securitas;COP;24/03/2023;FAC-1;PED-4064;$ 8.700.000;Pendiente;Servicios Públicos;Fisica;Responsable 1
29/01/2023;NT00069;NIT0000000065;Crepes & Waffles;COP;9/06/2025;FAC-1;PED-4065;$ 15.000.000;Pendiente;Consultoría;Fisica;Responsable 1
14/06/2024;NT00070;NIT0000000066;SAP;COP;8/04/2025;FAC-1;PED-4066;$ 120.000.000;Pendiente;Tecnologia;Fisica;Responsable 1
30/08/2023;NT00071;NIT0000000067;Mitie;COP;8/03/2025;FAC-1;PED-4067;$ 7.500.000;Pendiente;Servicios Públicos;Fisica;Responsable 1
20/02/2024;NT00072;NIT0000000068;EY;COP;6/11/2025;FAC-1;PED-4068;$ 35.000.000;Pendiente;Servicios;Fisica;Responsable 1
14/04/2025;NT00073;NIT0000000069;BCG;COP;15/11/2024;FAC-1;PED-4069;$ 100.000.000;Pendiente;Servicios;Fisica;Responsable 1
9/06/2025;NT00074;NIT0000000070;Google;COP;27/11/2022;FAC-1;PED-4070;$ 15.000.000;Pendiente;Tecnologia;Fisica;Responsable 1
22/06/2024;NT00075;NIT0000000001;ABM;COP;31/08/2023;FAC-2;PED-4071;$ 6.200.000;Pagada;Servicios Públicos;Electronica;Responsable 2
16/11/2024;NT00076;NIT0000000002;Subway;COP;25/11/2022;FAC-2;PED-4072;$ 18.000.000;Pagada;Consultoría;Electronica;Responsable 2
7/01/2024;NT00077;NIT0000000003;Sodexo;COP;20/01/2022;FAC-2;PED-4073;$ 55.000.000;Pagada;Servicios Públicos;Electronica;Responsable 2
17/07/2022;NT00078;NIT0000000005;ISS;COP;29/08/2024;FAC-2;PED-4075;$ 9.800.000;Pagada;Servicios Públicos;Electronica;Responsable 2
13/02/2025;NT00079;NIT0000000006;Rentokil;COP;4/11/2023;FAC-2;PED-4076;$ 1.200.000;Pagada;Servicios Públicos;Electronica;Responsable 2
11/09/2022;NT00080;NIT0000000008;IBM;COP;13/12/2022;FAC-2;PED-4078;$ 75.000.000;Pagada;Tecnologia;Electronica;Responsable 2
10/07/2025;NT00081;NIT0000000009;Oma;COP;26/10/2024;FAC-2;PED-4079;$ 6.400.000;Pagada;Consultoría;Electronica;Responsable 2
23/12/2022;NT00082;NIT0000000010;Deloitte;COP;16/10/2024;FAC-2;PED-4080;$ 40.000.000;Pagada;Servicios;Electronica;Responsable 2
15/02/2023;NT00083;NIT0000000011;Apple;COP;16/05/2025;FAC-2;PED-4081;$ 45.000.000;Pagada;Tecnologia;Electronica;Responsable 2
21/03/2022;NT00084;NIT0000000012;Intel;COP;2/09/2023;FAC-2;PED-4082;$ 32.000.000;Pagada;Tecnologia;Electronica;Responsable 2
15/08/2025;NT00085;NIT0000000013;General Mills;COP;3/12/2025;FAC-2;PED-4083;$ 6.500.000;Pagada;Alimentación;Electronica;Responsable 2
3/12/2023;NT00086;NIT0000000014;Unilever;COP;21/08/2025;FAC-2;PED-4084;$ 8.200.000;Pagada;Alimentación;Electronica;Responsable 2
27/05/2022;NT00087;NIT0000000015;Dunkin Donuts;COP;27/06/2023;FAC-2;PED-4085;$ 70.000.000;Pagada;Consultoría;Electronica;Responsable 2
9/03/2023;NT00088;NIT0000000017;Aramark;COP;31/01/2024;FAC-2;PED-4087;$ 12.000.000;Pagada;Servicios Públicos;Electronica;Responsable 2
13/08/2023;NT00089;NIT0000000018;E.ON;COP;10/07/2024;FAC-2;PED-4088;$ 18.000.000;Pagada;Energía;Electronica;Responsable 2
10/01/2022;NT00090;NIT0000000020;Iberdrola;COP;21/06/2024;FAC-2;PED-4090;$ 17.500.000;Pagada;Energía;Electronica;Responsable 2
26/01/2024;NT00091;NIT0000000021;Engie;COP;31/10/2022;FAC-2;PED-4091;$ 44.000.000;Pagada;Energía;Electronica;Responsable 2
10/02/2024;NT00092;NIT0000000023;TCS;COP;10/02/2025;FAC-2;PED-4093;$ 120.000.000;Pagada;Servicios;Electronica;Responsable 2
30/11/2025;NT00093;NIT0000000024;PepsiCo;COP;20/01/2025;FAC-2;PED-4094;$ 7.000.000;Pagada;Alimentación;Electronica;Responsable 2
27/09/2024;NT00094;NIT0000000025;PwC;COP;27/04/2025;FAC-2;PED-4095;$ 28.000.000;Pagada;Servicios;Electronica;Responsable 2
9/03/2025;NT00095;NIT0000000027;Duke Energy;COP;15/11/2022;FAC-2;PED-4097;$ 43.000.000;Pagada;Energía;Electronica;Responsable 2
8/11/2025;NT00096;NIT0000000028;McKinsey;COP;19/10/2025;FAC-2;PED-4098;$ 150.000.000;Pagada;Servicios;Electronica;Responsable 2
23/03/2023;NT00097;NIT0000000029;Danone;COP;6/11/2024;FAC-2;PED-4099;$ 5.800.000;Pagada;Alimentación;Electronica;Responsable 2
4/04/2024;NT00098;NIT0000000030;Facebook;COP;13/02/2022;FAC-2;PED-4100;$ 5.000.000;Pagada;Tecnologia;Electronica;Responsable 2
24/01/2023;NT00099;NIT0000000031;Microsoft;COP;17/07/2025;FAC-2;PED-4101;$ 54.000.000;Pagada;Tecnologia;Electronica;Responsable 2
19/10/2024;NT00100;NIT0000000032;Enel;COP;5/03/2023;FAC-2;PED-4102;$ 40.000.000;Pagada;Energía;Electronica;Responsable 2
3/05/2025;NT00101;NIT0000000033;Coca-Cola;COP;5/12/2022;FAC-2;PED-4103;$ 9.000.000;Pagada;Alimentación;Electronica;Responsable 2
26/02/2024;NT00102;NIT0000000035;Kellogg;COP;10/06/2024;FAC-2;PED-4105;$ 31.500.000;Pagada;Alimentación;Electronica;Responsable 2
12/12/2023;NT00103;NIT0000000036;Southern Company;COP;8/08/2025;FAC-2;PED-4106;$ 39.600.000;Pagada;Energía;Electronica;Responsable 2
28/03/2024;NT00104;NIT0000000037;Kraft Heinz;COP;10/12/2025;FAC-2;PED-4107;$ 22.500.000;Pagada;Alimentación;Electronica;Responsable 2
10/12/2024;NT00105;NIT0000000038;G4S;COP;14/09/2022;FAC-2;PED-4108;$ 8.500.000;Pagada;Servicios Públicos;Electronica;Responsable 2
26/08/2024;NT00106;NIT0000000040;RWE;COP;2/02/2022;FAC-2;PED-4110;$ 38.000.000;Pagada;Energía;Electronica;Responsable 2
17/06/2023;NT00107;NIT0000000041;Juan Valdez;COP;3/07/2023;FAC-2;PED-4111;$ 8.400.000;Pagada;Consultoría;Electronica;Responsable 2
1/09/2024;NT00108;NIT0000000042;Compass Group;COP;21/07/2024;FAC-2;PED-4112;$ 10.500.000;Pagada;Servicios Públicos;Electronica;Responsable 2
29/08/2024;NT00109;NIT0000000043;Serco;COP;29/10/2022;FAC-2;PED-4113;$ 9.000.000;Pagada;Servicios Públicos;Electronica;Responsable 2
20/12/2023;NT00110;NIT0000000045;NextEra Energy;COP;28/12/2024;FAC-2;PED-4115;$ 46.000.000;Pagada;Energía;Electronica;Responsable 2
26/03/2024;NT00111;NIT0000000046;Exelon;COP;4/07/2025;FAC-2;PED-4116;$ 37.400.000;Pagada;Energía;Electronica;Responsable 2
7/07/2025;NT00112;NIT0000000047;EDF;COP;5/02/2023;FAC-2;PED-4117;$ 38.400.000;Pagada;Energía;Electronica;Responsable 2
3/11/2022;NT00113;NIT0000000048;Oracle;COP;17/04/2025;FAC-2;PED-4118;$ 120.000.000;Pagada;Tecnologia;Electronica;Responsable 2
19/12/2025;NT00114;NIT0000000049;Starbucks;COP;28/12/2024;FAC-2;PED-4119;$ 5.500.000;Pagada;Consultoría;Electronica;Responsable 2
13/02/2024;NT00115;NIT0000000050;Accenture;COP;17/02/2022;FAC-2;PED-4120;$ 95.000.000;Pagada;Servicios;Electronica;Responsable 2
4/07/2024;NT00116;NIT0000000051;Mondelez;COP;15/04/2022;FAC-2;PED-4121;$ 41.400.000;Pagada;Alimentación;Electronica;Responsable 2
1/08/2024;NT00117;NIT0000000052;KPMG;COP;11/06/2025;FAC-2;PED-4122;$ 30.000.000;Pagada;Servicios;Electronica;Responsable 2
18/02/2024;NT00118;NIT0000000053;Cisco;COP;9/01/2025;FAC-2;PED-4123;$ 35.000.000;Pagada;Tecnologia;Electronica;Responsable 2
22/11/2025;NT00119;NIT0000000056;Burger King;COP;12/09/2022;FAC-2;PED-4126;$ 45.000.000;Pagada;Consultoría;Electronica;Responsable 2
22/12/2024;NT00120;NIT0000000057;KFC;COP;31/05/2023;FAC-2;PED-4127;$ 38.000.000;Pagada;Consultoría;Electronica;Responsable 2
8/12/2023;NT00121;NIT0000000058;Capgemini;COP;11/03/2024;FAC-2;PED-4128;$ 80.000.000;Pagada;Servicios;Electronica;Responsable 2
13/04/2025;NT00122;NIT0000000059;Amazon;COP;31/07/2025;FAC-2;PED-4129;$ 22.000.000;Pagada;Tecnologia;Electronica;Responsable 2
5/11/2022;NT00123;NIT0000000060;Tostao;COP;5/02/2024;FAC-2;PED-4130;$ 3.800.000;Pagada;Consultoría;Electronica;Responsable 2
7/08/2023;NT00124;NIT0000000061;McDonald's;COP;26/11/2023;FAC-2;PED-4131;$ 60.000.000;Pagada;Consultoría;Electronica;Responsable 2
29/12/2023;NT00125;NIT0000000062;Bain;COP;24/01/2024;FAC-2;PED-4132;$ 180.000.000;Pagada;Servicios;Electronica;Responsable 2
26/05/2023;NT00126;NIT0000000063;Procter & Gamble;COP;18/02/2022;FAC-2;PED-4133;$ 28.800.000;Pagada;Alimentación;Electronica;Responsable 2
3/10/2022;NT00127;NIT0000000064;Securitas;COP;2/12/2022;FAC-2;PED-4134;$ 8.700.000;Pagada;Servicios Públicos;Electronica;Responsable 2
6/10/2025;NT00128;NIT0000000065;Crepes & Waffles;COP;19/05/2024;FAC-2;PED-4135;$ 7.500.000;Pagada;Consultoría;Electronica;Responsable 2
9/01/2024;NT00129;NIT0000000066;SAP;COP;21/06/2023;FAC-2;PED-4136;$ 120.000.000;Pagada;Tecnologia;Electronica;Responsable 2
12/03/2024;NT00130;NIT0000000067;Mitie;COP;14/11/2024;FAC-2;PED-4137;$ 7.500.000;Pagada;Servicios Públicos;Electronica;Responsable 2
23/01/2025;NT00131;NIT0000000068;EY;COP;3/09/2024;FAC-2;PED-4138;$ 35.000.000;Pagada;Servicios;Electronica;Responsable 2
2/12/2025;NT00132;NIT0000000069;BCG;COP;17/11/2022;FAC-2;PED-4139;$ 100.000.000;Pagada;Servicios;Electronica;Responsable 2
18/06/2025;NT00133;NIT0000000070;Google;COP;4/02/2024;FAC-2;PED-4140;$ 15.000.000;Pagada;Tecnologia;Electronica;Responsable 2
5/04/2025;NT00134;NIT0000000001;ABM;COP;8/02/2023;FAC-3;PED-4141;$ 6.200.000;Pendiente;Servicios Públicos;Fisica;Responsable 3
4/01/2024;NT00135;NIT0000000002;Subway;COP;14/01/2024;FAC-3;PED-4142;$ 9.000.000;Pendiente;Consultoría;Fisica;Responsable 3
4/11/2023;NT00136;NIT0000000003;Sodexo;COP;25/08/2023;FAC-3;PED-4143;$ 44.000.000;Pendiente;Servicios Públicos;Fisica;Responsable 3
20/02/2023;NT00137;NIT0000000005;ISS;COP;8/06/2024;FAC-3;PED-4145;$ 9.800.000;Pendiente;Servicios Públicos;Fisica;Responsable 3
22/08/2025;NT00138;NIT0000000006;Rentokil;COP;15/04/2024;FAC-3;PED-4146;$ 1.200.000;Pendiente;Servicios Públicos;Fisica;Responsable 3
12/04/2025;NT00139;NIT0000000008;IBM;COP;2/01/2024;FAC-3;PED-4148;$ 75.000.000;Pendiente;Tecnologia;Fisica;Responsable 3
11/11/2024;NT00140;NIT0000000009;Oma;COP;11/03/2025;FAC-3;PED-4149;$ 3.200.000;Pendiente;Consultoría;Fisica;Responsable 3
30/11/2023;NT00141;NIT0000000010;Deloitte;COP;14/12/2022;FAC-3;PED-4150;$ 40.000.000;Pendiente;Servicios;Fisica;Responsable 3
30/05/2024;NT00142;NIT0000000011;Apple;COP;28/08/2022;FAC-3;PED-4151;$ 45.000.000;Pendiente;Tecnologia;Fisica;Responsable 3
23/07/2024;NT00143;NIT0000000012;Intel;COP;20/05/2023;FAC-3;PED-4152;$ 32.000.000;Pendiente;Tecnologia;Fisica;Responsable 3
8/08/2025;NT00144;NIT0000000013;General Mills;COP;17/01/2024;FAC-3;PED-4153;$ 19.500.000;Pendiente;Alimentación;Fisica;Responsable 3
19/10/2022;NT00145;NIT0000000014;Unilever;COP;31/10/2025;FAC-3;PED-4154;$ 24.600.000;Pendiente;Alimentación;Fisica;Responsable 3
25/02/2023;NT00146;NIT0000000015;Dunkin Donuts;COP;23/09/2024;FAC-3;PED-4155;$ 35.000.000;Pendiente;Consultoría;Fisica;Responsable 3
29/01/2024;NT00147;NIT0000000017;Aramark;COP;10/02/2023;FAC-3;PED-4157;$ 12.000.000;Pendiente;Servicios Públicos;Fisica;Responsable 3
6/02/2022;NT00148;NIT0000000018;E.ON;COP;26/05/2024;FAC-3;PED-4158;$ 36.000.000;Pendiente;Energía;Fisica;Responsable 3
30/07/2024;NT00149;NIT0000000020;Iberdrola;COP;6/04/2023;FAC-3;PED-4160;$ 35.000.000;Pendiente;Energía;Fisica;Responsable 3
3/03/2022;NT00150;NIT0000000021;Engie;COP;3/06/2024;FAC-3;PED-4161;$ 22.000.000;Pendiente;Energía;Fisica;Responsable 3
9/11/2024;NT00151;NIT0000000023;TCS;COP;21/04/2023;FAC-3;PED-4163;$ 120.000.000;Pendiente;Servicios;Fisica;Responsable 3
6/04/2024;NT00152;NIT0000000024;PepsiCo;COP;1/06/2025;FAC-3;PED-4164;$ 14.000.000;Pendiente;Alimentación;Fisica;Responsable 3
28/04/2025;NT00153;NIT0000000025;PwC;COP;7/05/2024;FAC-3;PED-4165;$ 28.000.000;Pendiente;Servicios;Fisica;Responsable 3
28/01/2025;NT00154;NIT0000000027;Duke Energy;COP;4/10/2024;FAC-3;PED-4167;$ 21.500.000;Pendiente;Energía;Fisica;Responsable 3
14/04/2024;NT00155;NIT0000000028;McKinsey;COP;16/06/2023;FAC-3;PED-4168;$ 150.000.000;Pendiente;Servicios;Fisica;Responsable 3
9/04/2023;NT00156;NIT0000000029;Danone;COP;14/06/2023;FAC-3;PED-4169;$ 11.600.000;Pendiente;Alimentación;Fisica;Responsable 3
3/03/2025;NT00157;NIT0000000030;Facebook;COP;25/12/2024;FAC-3;PED-4170;$ 5.000.000;Pendiente;Tecnologia;Fisica;Responsable 3
10/03/2023;NT00158;NIT0000000031;Microsoft;COP;18/07/2024;FAC-3;PED-4171;$ 54.000.000;Pendiente;Tecnologia;Fisica;Responsable 3
7/03/2025;NT00159;NIT0000000032;Enel;COP;4/02/2023;FAC-3;PED-4172;$ 20.000.000;Pendiente;Energía;Fisica;Responsable 3
1/05/2023;NT00160;NIT0000000033;Coca-Cola;COP;2/06/2024;FAC-3;PED-4173;$ 18.000.000;Pendiente;Alimentación;Fisica;Responsable 3
18/05/2024;NT00161;NIT0000000035;Kellogg;COP;23/07/2024;FAC-3;PED-4175;$ 12.600.000;Pendiente;Alimentación;Fisica;Responsable 3
23/03/2025;NT00162;NIT0000000036;Southern Company;COP;10/04/2023;FAC-3;PED-4176;$ 19.800.000;Pendiente;Energía;Fisica;Responsable 3
15/04/2024;NT00163;NIT0000000037;Kraft Heinz;COP;12/06/2024;FAC-3;PED-4177;$ 40.500.000;Pendiente;Alimentación;Fisica;Responsable 3
16/09/2023;NT00164;NIT0000000038;G4S;COP;15/12/2024;FAC-3;PED-4178;$ 8.500.000;Pendiente;Servicios Públicos;Fisica;Responsable 3
19/11/2023;NT00165;NIT0000000040;RWE;COP;2/09/2025;FAC-3;PED-4180;$ 19.000.000;Pendiente;Energía;Fisica;Responsable 3
5/12/2024;NT00166;NIT0000000041;Juan Valdez;COP;25/10/2022;FAC-3;PED-4181;$ 4.200.000;Pendiente;Consultoría;Fisica;Responsable 3
18/01/2022;NT00167;NIT0000000042;Compass Group;COP;24/06/2023;FAC-3;PED-4182;$ 10.500.000;Pendiente;Servicios Públicos;Fisica;Responsable 3
21/07/2023;NT00168;NIT0000000043;Serco;COP;23/03/2025;FAC-3;PED-4183;$ 9.000.000;Pendiente;Servicios Públicos;Fisica;Responsable 3
17/12/2024;NT00169;NIT0000000045;NextEra Energy;COP;14/03/2023;FAC-3;PED-4185;$ 23.000.000;Pendiente;Energía;Fisica;Responsable 3
6/11/2025;NT00170;NIT0000000046;Exelon;COP;21/02/2022;FAC-3;PED-4186;$ 18.700.000;Pendiente;Energía;Fisica;Responsable 3
8/11/2025;NT00171;NIT0000000047;EDF;COP;5/12/2025;FAC-3;PED-4187;$ 19.200.000;Pendiente;Energía;Fisica;Responsable 3
26/11/2024;NT00172;NIT0000000049;Starbucks;COP;24/01/2024;FAC-3;PED-4189;$ 5.500.000;Pendiente;Consultoría;Fisica;Responsable 3
10/02/2024;NT00173;NIT0000000050;Accenture;COP;20/09/2023;FAC-3;PED-4190;$ 95.000.000;Pendiente;Servicios;Fisica;Responsable 3
13/12/2024;NT00174;NIT0000000051;Mondelez;COP;13/02/2022;FAC-3;PED-4191;$ 13.800.000;Pendiente;Alimentación;Fisica;Responsable 3
18/12/2024;NT00175;NIT0000000052;KPMG;COP;21/09/2022;FAC-3;PED-4192;$ 30.000.000;Pendiente;Servicios;Fisica;Responsable 3
20/10/2024;NT00176;NIT0000000053;Cisco;COP;1/11/2022;FAC-3;PED-4193;$ 35.000.000;Pendiente;Tecnologia;Fisica;Responsable 3
8/03/2022;NT00177;NIT0000000056;Burger King;COP;23/04/2022;FAC-3;PED-4196;$ 90.000.000;Pendiente;Consultoría;Fisica;Responsable 3
27/12/2023;NT00178;NIT0000000057;KFC;COP;29/09/2024;FAC-3;PED-4197;$ 38.000.000;Pendiente;Consultoría;Fisica;Responsable 3
5/03/2024;NT00179;NIT0000000058;Capgemini;COP;20/06/2024;FAC-3;PED-4198;$ 80.000.000;Pendiente;Servicios;Fisica;Responsable 3
2/07/2022;NT00180;NIT0000000059;Amazon;COP;18/01/2025;FAC-3;PED-4199;$ 22.000.000;Pendiente;Tecnologia;Fisica;Responsable 3
24/02/2022;NT00181;NIT0000000060;Tostao;COP;3/04/2024;FAC-3;PED-4200;$ 3.800.000;Pendiente;Consultoría;Fisica;Responsable 3
22/03/2023;NT00182;NIT0000000061;McDonald's;COP;12/06/2022;FAC-3;PED-4201;$ 120.000.000;Pendiente;Consultoría;Fisica;Responsable 3
5/04/2022;NT00183;NIT0000000062;Bain;COP;28/12/2024;FAC-3;PED-4202;$ 180.000.000;Pendiente;Servicios;Fisica;Responsable 3
11/07/2024;NT00184;NIT0000000063;Procter & Gamble;COP;16/05/2024;FAC-3;PED-4203;$ 14.400.000;Pendiente;Alimentación;Fisica;Responsable 3
26/01/2023;NT00185;NIT0000000064;Securitas;COP;20/02/2024;FAC-3;PED-4204;$ 8.700.000;Pendiente;Servicios Públicos;Fisica;Responsable 3
2/10/2022;NT00186;NIT0000000065;Crepes & Waffles;COP;2/02/2024;FAC-3;PED-4205;$ 7.500.000;Pendiente;Consultoría;Fisica;Responsable 3
27/01/2022;NT00187;NIT0000000066;SAP;COP;30/09/2023;FAC-3;PED-4206;$ 120.000.000;Pendiente;Tecnologia;Fisica;Responsable 3
20/09/2024;NT00188;NIT0000000067;Mitie;COP;12/11/2022;FAC-3;PED-4207;$ 7.500.000;Pendiente;Servicios Públicos;Fisica;Responsable 3
17/10/2023;NT00189;NIT0000000068;EY;COP;14/10/2022;FAC-3;PED-4208;$ 35.000.000;Pendiente;Servicios;Fisica;Responsable 3
4/08/2023;NT00190;NIT0000000069;BCG;COP;4/07/2023;FAC-3;PED-4209;$ 100.000.000;Pendiente;Servicios;Fisica;Responsable 3
22/10/2025;NT00191;NIT0000000070;Google;COP;28/04/2022;FAC-3;PED-4210;$ 15.000.000;Pendiente;Tecnologia;Fisica;Responsable 3
16/01/2025;NT00192;NIT0000000001;ABM;COP;7/07/2022;FAC-4;PED-4211;$ 6.200.000;Pagada;Servicios Públicos;Electronica;Responsable 4
1/08/2025;NT00193;NIT0000000002;Subway;COP;24/03/2024;FAC-4;PED-4212;$ 18.000.000;Pagada;Consultoría;Electronica;Responsable 4
22/03/2023;NT00194;NIT0000000003;Sodexo;COP;12/07/2024;FAC-4;PED-4213;$ 11.000.000;Pagada;Servicios Públicos;Electronica;Responsable 4
25/08/2023;NT00195;NIT0000000005;ISS;COP;30/06/2022;FAC-4;PED-4215;$ 9.800.000;Pagada;Servicios Públicos;Electronica;Responsable 4
20/07/2025;NT00196;NIT0000000006;Rentokil;COP;9/02/2023;FAC-4;PED-4216;$ 1.200.000;Pagada;Servicios Públicos;Electronica;Responsable 4
9/12/2024;NT00197;NIT0000000008;IBM;COP;2/07/2022;FAC-4;PED-4218;$ 75.000.000;Pagada;Tecnologia;Electronica;Responsable 4
30/05/2022;NT00198;NIT0000000009;Oma;COP;16/08/2022;FAC-4;PED-4219;$ 3.200.000;Pagada;Consultoría;Electronica;Responsable 4
11/07/2025;NT00199;NIT0000000010;Deloitte;COP;15/09/2024;FAC-4;PED-4220;$ 40.000.000;Pagada;Servicios;Electronica;Responsable 4
30/06/2022;NT00200;NIT0000000011;Apple;COP;14/04/2023;FAC-4;PED-4221;$ 45.000.000;Pagada;Tecnologia;Electronica;Responsable 4
25/10/2023;NT00201;NIT0000000012;Intel;COP;26/07/2022;FAC-4;PED-4222;$ 32.000.000;Pagada;Tecnologia;Electronica;Responsable 4
11/07/2025;NT00202;NIT0000000013;General Mills;COP;12/04/2025;FAC-4;PED-4223;$ 13.000.000;Pagada;Alimentación;Electronica;Responsable 4
13/07/2024;NT00203;NIT0000000014;Unilever;COP;26/02/2025;FAC-4;PED-4224;$ 16.400.000;Pagada;Alimentación;Electronica;Responsable 4
22/10/2023;NT00204;NIT0000000015;Dunkin Donuts;COP;25/08/2023;FAC-4;PED-4225;$ 70.000.000;Pagada;Consultoría;Electronica;Responsable 4
24/07/2024;NT00205;NIT0000000017;Aramark;COP;14/09/2025;FAC-4;PED-4227;$ 12.000.000;Pagada;Servicios Públicos;Electronica;Responsable 4
16/02/2024;NT00206;NIT0000000018;E.ON;COP;10/07/2024;FAC-4;PED-4228;$ 18.000.000;Pagada;Energía;Electronica;Responsable 4
29/12/2022;NT00207;NIT0000000020;Iberdrola;COP;8/12/2024;FAC-4;PED-4230;$ 17.500.000;Pagada;Energía;Electronica;Responsable 4
25/08/2025;NT00208;NIT0000000021;Engie;COP;31/07/2024;FAC-4;PED-4231;$ 22.000.000;Pagada;Energía;Electronica;Responsable 4
27/06/2025;NT00209;NIT0000000023;TCS;COP;25/12/2023;FAC-4;PED-4233;$ 120.000.000;Pagada;Servicios;Electronica;Responsable 4
18/06/2024;NT00210;NIT0000000024;PepsiCo;COP;3/06/2022;FAC-4;PED-4234;$ 14.000.000;Pagada;Alimentación;Electronica;Responsable 4
9/01/2025;NT00211;NIT0000000025;PwC;COP;5/12/2022;FAC-4;PED-4235;$ 28.000.000;Pagada;Servicios;Electronica;Responsable 4
28/12/2022;NT00212;NIT0000000027;Duke Energy;COP;5/07/2025;FAC-4;PED-4237;$ 21.500.000;Pagada;Energía;Electronica;Responsable 4
21/10/2025;NT00213;NIT0000000028;McKinsey;COP;18/09/2024;FAC-4;PED-4238;$ 150.000.000;Pagada;Servicios;Electronica;Responsable 4
18/09/2022;NT00214;NIT0000000029;Danone;COP;21/09/2022;FAC-4;PED-4239;$ 11.600.000;Pagada;Alimentación;Electronica;Responsable 4
19/06/2025;NT00215;NIT0000000030;Facebook;COP;6/11/2022;FAC-4;PED-4240;$ 5.000.000;Pagada;Tecnologia;Electronica;Responsable 4
18/04/2023;NT00216;NIT0000000031;Microsoft;COP;22/06/2025;FAC-4;PED-4241;$ 54.000.000;Pagada;Tecnologia;Electronica;Responsable 4
13/07/2024;NT00217;NIT0000000032;Enel;COP;17/07/2023;FAC-4;PED-4242;$ 20.000.000;Pagada;Energía;Electronica;Responsable 4
6/09/2022;NT00218;NIT0000000033;Coca-Cola;COP;24/05/2023;FAC-4;PED-4243;$ 18.000.000;Pagada;Alimentación;Electronica;Responsable 4
25/05/2025;NT00219;NIT0000000035;Kellogg;COP;21/08/2025;FAC-4;PED-4245;$ 12.600.000;Pagada;Alimentación;Electronica;Responsable 4
18/03/2025;NT00220;NIT0000000036;Southern Company;COP;14/06/2022;FAC-4;PED-4246;$ 19.800.000;Pagada;Energía;Electronica;Responsable 4
20/01/2024;NT00221;NIT0000000037;Kraft Heinz;COP;20/09/2024;FAC-4;PED-4247;$ 9.000.000;Pagada;Alimentación;Electronica;Responsable 4
8/09/2025;NT00222;NIT0000000038;G4S;COP;11/01/2025;FAC-4;PED-4248;$ 8.500.000;Pagada;Servicios Públicos;Electronica;Responsable 4
12/12/2022;NT00223;NIT0000000040;RWE;COP;8/11/2023;FAC-4;PED-4250;$ 19.000.000;Pagada;Energía;Electronica;Responsable 4
25/02/2024;NT00224;NIT0000000041;Juan Valdez;COP;1/11/2025;FAC-4;PED-4251;$ 4.200.000;Pagada;Consultoría;Electronica;Responsable 4
5/10/2022;NT00225;NIT0000000042;Compass Group;COP;3/10/2022;FAC-4;PED-4252;$ 10.500.000;Pagada;Servicios Públicos;Electronica;Responsable 4
21/07/2023;NT00226;NIT0000000043;Serco;COP;27/05/2022;FAC-4;PED-4253;$ 9.000.000;Pagada;Servicios Públicos;Electronica;Responsable 4
6/08/2025;NT00227;NIT0000000045;NextEra Energy;COP;21/03/2024;FAC-4;PED-4255;$ 23.000.000;Pagada;Energía;Electronica;Responsable 4
3/06/2023;NT00228;NIT0000000046;Exelon;COP;5/01/2022;FAC-4;PED-4256;$ 37.400.000;Pagada;Energía;Electronica;Responsable 4
16/05/2022;NT00229;NIT0000000047;EDF;COP;12/07/2023;FAC-4;PED-4257;$ 38.400.000;Pagada;Energía;Electronica;Responsable 4
9/09/2024;NT00230;NIT0000000048;Oracle;COP;11/09/2023;FAC-4;PED-4258;$ 120.000.000;Pagada;Tecnologia;Electronica;Responsable 4
16/06/2022;NT00231;NIT0000000049;Starbucks;COP;23/08/2024;FAC-4;PED-4259;$ 11.000.000;Pagada;Consultoría;Electronica;Responsable 4
5/07/2022;NT00232;NIT0000000050;Accenture;COP;14/12/2023;FAC-4;PED-4260;$ 95.000.000;Pagada;Servicios;Electronica;Responsable 4
9/09/2022;NT00233;NIT0000000051;Mondelez;COP;16/11/2023;FAC-4;PED-4261;$ 13.800.000;Pagada;Alimentación;Electronica;Responsable 4
9/07/2022;NT00234;NIT0000000052;KPMG;COP;28/12/2025;FAC-4;PED-4262;$ 30.000.000;Pagada;Servicios;Electronica;Responsable 4
12/10/2024;NT00235;NIT0000000053;Cisco;COP;30/10/2023;FAC-4;PED-4263;$ 35.000.000;Pagada;Tecnologia;Electronica;Responsable 4
1/07/2022;NT00236;NIT0000000056;Burger King;COP;21/06/2022;FAC-4;PED-4266;$ 45.000.000;Pagada;Consultoría;Electronica;Responsable 4
30/06/2025;NT00237;NIT0000000057;KFC;COP;30/01/2023;FAC-4;PED-4267;$ 76.000.000;Pagada;Consultoría;Electronica;Responsable 4
20/07/2024;NT00238;NIT0000000058;Capgemini;COP;16/08/2023;FAC-4;PED-4268;$ 80.000.000;Pagada;Servicios;Electronica;Responsable 4
17/03/2023;NT00239;NIT0000000059;Amazon;COP;13/04/2024;FAC-4;PED-4269;$ 22.000.000;Pagada;Tecnologia;Electronica;Responsable 4
7/10/2024;NT00240;NIT0000000060;Tostao;COP;28/04/2022;FAC-4;PED-4270;$ 3.800.000;Pagada;Consultoría;Electronica;Responsable 4
19/04/2025;NT00241;NIT0000000061;McDonald's;COP;28/12/2025;FAC-4;PED-4271;$ 120.000.000;Pagada;Consultoría;Electronica;Responsable 4
31/05/2022;NT00242;NIT0000000062;Bain;COP;6/08/2024;FAC-4;PED-4272;$ 140.000.000;Pagada;Servicios;Electronica;Responsable 4
5/10/2022;NT00243;NIT0000000063;Procter & Gamble;COP;25/11/2025;FAC-4;PED-4273;$ 14.400.000;Pagada;Alimentación;Electronica;Responsable 4
11/06/2023;NT00244;NIT0000000064;Securitas;COP;28/02/2025;FAC-4;PED-4274;$ 8.700.000;Pagada;Servicios Públicos;Electronica;Responsable 4
27/12/2022;NT00245;NIT0000000065;Crepes & Waffles;COP;5/01/2023;FAC-4;PED-4275;$ 7.500.000;Pagada;Consultoría;Electronica;Responsable 4
7/09/2023;NT00246;NIT0000000066;SAP;COP;7/05/2023;FAC-4;PED-4276;$ 120.000.000;Pagada;Tecnologia;Electronica;Responsable 4
2/11/2025;NT00247;NIT0000000067;Mitie;COP;21/04/2024;FAC-4;PED-4277;$ 7.500.000;Pagada;Servicios Públicos;Electronica;Responsable 4
18/07/2022;NT00248;NIT0000000068;EY;COP;3/04/2025;FAC-4;PED-4278;$ 35.000.000;Pagada;Servicios;Electronica;Responsable 4
7/09/2024;NT00249;NIT0000000069;BCG;COP;28/09/2022;FAC-4;PED-4279;$ 290.000.000;Pagada;Servicios;Electronica;Responsable 4
18/05/2025;NT00250;NIT0000000070;Google;COP;18/10/2024;FAC-4;PED-4280;$ 15.000.000;Pagada;Tecnologia;Electronica;Responsable 4
7/08/2024;NT00251;NIT0000000001;ABM;COP;9/04/2025;FAC-5;PED-4281;$ 6.200.000;Pendiente;Servicios Públicos;Fisica;Responsable 5
3/03/2022;NT00252;NIT0000000002;Subway;COP;18/09/2024;FAC-5;PED-4282;$ 18.000.000;Pendiente;Consultoría;Fisica;Responsable 5
5/06/2022;NT00253;NIT0000000003;Sodexo;COP;2/12/2022;FAC-5;PED-4283;$ 33.000.000;Pendiente;Servicios Públicos;Fisica;Responsable 5
20/08/2022;NT00254;NIT0000000005;ISS;COP;26/05/2025;FAC-5;PED-4285;$ 9.800.000;Pendiente;Servicios Públicos;Fisica;Responsable 5
7/02/2024;NT00255;NIT0000000006;Rentokil;COP;18/02/2025;FAC-5;PED-4286;$ 1.200.000;Pendiente;Servicios Públicos;Fisica;Responsable 5
23/02/2025;NT00256;NIT0000000008;IBM;COP;2/08/2025;FAC-5;PED-4288;$ 75.000.000;Pendiente;Tecnologia;Fisica;Responsable 5
17/10/2025;NT00257;NIT0000000009;Oma;COP;15/01/2024;FAC-5;PED-4289;$ 3.200.000;Pendiente;Consultoría;Fisica;Responsable 5
25/05/2025;NT00258;NIT0000000010;Deloitte;COP;14/11/2024;FAC-5;PED-4290;$ 40.000.000;Pendiente;Servicios;Fisica;Responsable 5
23/03/2024;NT00259;NIT0000000011;Apple;COP;19/03/2025;FAC-5;PED-4291;$ 45.000.000;Pendiente;Tecnologia;Fisica;Responsable 5
10/11/2024;NT00260;NIT0000000012;Intel;COP;19/10/2023;FAC-5;PED-4292;$ 32.000.000;Pendiente;Tecnologia;Fisica;Responsable 5
28/04/2024;NT00261;NIT0000000013;General Mills;COP;22/04/2022;FAC-5;PED-4293;$ 13.000.000;Pendiente;Alimentación;Fisica;Responsable 5
21/06/2024;NT00262;NIT0000000014;Unilever;COP;6/06/2023;FAC-5;PED-4294;$ 16.400.000;Pendiente;Alimentación;Fisica;Responsable 5
26/12/2023;NT00263;NIT0000000015;Dunkin Donuts;COP;13/03/2022;FAC-5;PED-4295;$ 70.000.000;Pendiente;Consultoría;Fisica;Responsable 5
14/09/2023;NT00264;NIT0000000017;Aramark;COP;12/01/2024;FAC-5;PED-4297;$ 12.000.000;Pendiente;Servicios Públicos;Fisica;Responsable 5
22/05/2022;NT00265;NIT0000000018;E.ON;COP;20/06/2023;FAC-5;PED-4298;$ 36.000.000;Pendiente;Energía;Fisica;Responsable 5
11/06/2025;NT00266;NIT0000000020;Iberdrola;COP;15/01/2023;FAC-5;PED-4300;$ 35.000.000;Pendiente;Energía;Fisica;Responsable 5
19/03/2023;NT00267;NIT0000000021;Engie;COP;8/12/2025;FAC-5;PED-4301;$ 22.000.000;Pendiente;Energía;Fisica;Responsable 5
9/02/2025;NT00268;NIT0000000023;TCS;COP;16/08/2022;FAC-5;PED-4303;$ 120.000.000;Pendiente;Servicios;Fisica;Responsable 5
20/01/2022;NT00269;NIT0000000024;PepsiCo;COP;11/02/2024;FAC-5;PED-4304;$ 14.000.000;Pendiente;Alimentación;Fisica;Responsable 5
27/09/2023;NT00270;NIT0000000025;PwC;COP;9/04/2023;FAC-5;PED-4305;$ 28.000.000;Pendiente;Servicios;Fisica;Responsable 5
1/11/2022;NT00271;NIT0000000027;Duke Energy;COP;29/10/2025;FAC-5;PED-4307;$ 21.500.000;Pendiente;Energía;Fisica;Responsable 5
7/04/2025;NT00272;NIT0000000028;McKinsey;COP;29/08/2025;FAC-5;PED-4308;$ 150.000.000;Pendiente;Servicios;Fisica;Responsable 5
22/05/2025;NT00273;NIT0000000029;Danone;COP;21/12/2022;FAC-5;PED-4309;$ 11.600.000;Pendiente;Alimentación;Fisica;Responsable 5
7/03/2023;NT00274;NIT0000000030;Facebook;COP;24/08/2024;FAC-5;PED-4310;$ 5.000.000;Pendiente;Tecnologia;Fisica;Responsable 5
24/01/2025;NT00275;NIT0000000031;Microsoft;COP;13/03/2024;FAC-5;PED-4311;$ 54.000.000;Pendiente;Tecnologia;Fisica;Responsable 5
7/08/2023;NT00276;NIT0000000032;Enel;COP;24/06/2024;FAC-5;PED-4312;$ 20.000.000;Pendiente;Energía;Fisica;Responsable 5
11/02/2022;NT00277;NIT0000000033;Coca-Cola;COP;3/06/2024;FAC-5;PED-4313;$ 9.000.000;Pendiente;Alimentación;Fisica;Responsable 5
29/08/2024;NT00278;NIT0000000035;Kellogg;COP;14/09/2022;FAC-5;PED-4315;$ 6.300.000;Pendiente;Alimentación;Fisica;Responsable 5
24/05/2023;NT00279;NIT0000000036;Southern Company;COP;31/05/2022;FAC-5;PED-4316;$ 39.600.000;Pendiente;Energía;Fisica;Responsable 5
6/02/2025;NT00280;NIT0000000037;Kraft Heinz;COP;19/11/2024;FAC-5;PED-4317;$ 4.500.000;Pendiente;Alimentación;Fisica;Responsable 5
27/06/2025;NT00281;NIT0000000038;G4S;COP;27/05/2025;FAC-5;PED-4318;$ 8.500.000;Pendiente;Servicios Públicos;Fisica;Responsable 5
4/05/2022;NT00282;NIT0000000040;RWE;COP;16/04/2025;FAC-5;PED-4320;$ 19.000.000;Pendiente;Energía;Fisica;Responsable 5
23/12/2025;NT00283;NIT0000000041;Juan Valdez;COP;5/08/2023;FAC-5;PED-4321;$ 4.200.000;Pendiente;Consultoría;Fisica;Responsable 5
16/07/2022;NT00284;NIT0000000042;Compass Group;COP;5/07/2023;FAC-5;PED-4322;$ 10.500.000;Pendiente;Servicios Públicos;Fisica;Responsable 5
24/02/2022;NT00285;NIT0000000043;Serco;COP;23/12/2025;FAC-5;PED-4323;$ 9.000.000;Pendiente;Servicios Públicos;Fisica;Responsable 5
18/02/2023;NT00286;NIT0000000045;NextEra Energy;COP;28/03/2025;FAC-5;PED-4325;$ 23.000.000;Pendiente;Energía;Fisica;Responsable 5
30/07/2022;NT00287;NIT0000000046;Exelon;COP;28/01/2024;FAC-5;PED-4326;$ 18.700.000;Pendiente;Energía;Fisica;Responsable 5
20/03/2025;NT00288;NIT0000000047;EDF;COP;6/03/2024;FAC-5;PED-4327;$ 19.200.000;Pendiente;Energía;Fisica;Responsable 5
6/11/2023;NT00289;NIT0000000048;Oracle;COP;12/03/2022;FAC-5;PED-4328;$ 120.000.000;Pendiente;Tecnologia;Fisica;Responsable 5
16/04/2023;NT00290;NIT0000000049;Starbucks;COP;21/09/2023;FAC-5;PED-4329;$ 11.000.000;Pendiente;Consultoría;Fisica;Responsable 5
17/10/2023;NT00291;NIT0000000050;Accenture;COP;19/08/2025;FAC-5;PED-4330;$ 95.000.000;Pendiente;Servicios;Fisica;Responsable 5
11/10/2025;NT00292;NIT0000000051;Mondelez;COP;7/02/2024;FAC-5;PED-4331;$ 6.900.000;Pendiente;Alimentación;Fisica;Responsable 5
22/10/2022;NT00293;NIT0000000052;KPMG;COP;20/07/2025;FAC-5;PED-4332;$ 30.000.000;Pendiente;Servicios;Fisica;Responsable 5
9/03/2022;NT00294;NIT0000000053;Cisco;COP;4/04/2023;FAC-5;PED-4333;$ 35.000.000;Pendiente;Tecnologia;Fisica;Responsable 5
15/06/2024;NT00295;NIT0000000056;Burger King;COP;4/09/2022;FAC-5;PED-4336;$ 45.000.000;Pendiente;Consultoría;Fisica;Responsable 5
20/01/2025;NT00296;NIT0000000057;KFC;COP;3/09/2022;FAC-5;PED-4337;$ 76.000.000;Pendiente;Consultoría;Fisica;Responsable 5
26/08/2025;NT00297;NIT0000000058;Capgemini;COP;30/04/2025;FAC-5;PED-4338;$ 80.000.000;Pendiente;Servicios;Fisica;Responsable 5
4/01/2023;NT00298;NIT0000000059;Amazon;COP;23/01/2025;FAC-5;PED-4339;$ 22.000.000;Pendiente;Tecnologia;Fisica;Responsable 5
15/11/2024;NT00299;NIT0000000060;Tostao;COP;12/03/2023;FAC-5;PED-4340;$ 3.800.000;Pendiente;Consultoría;Fisica;Responsable 5
31/10/2022;NT00300;NIT0000000061;McDonald's;COP;9/10/2023;FAC-5;PED-4341;$ 120.000.000;Pendiente;Consultoría;Fisica;Responsable 5
15/12/2022;NT00301;NIT0000000062;Bain;COP;8/12/2023;FAC-5;PED-4342;$ 140.000.000;Pendiente;Servicios;Fisica;Responsable 5
15/01/2023;NT00302;NIT0000000063;Procter & Gamble;COP;9/01/2023;FAC-5;PED-4343;$ 7.200.000;Pendiente;Alimentación;Fisica;Responsable 5
8/04/2025;NT00303;NIT0000000064;Securitas;COP;18/02/2025;FAC-5;PED-4344;$ 8.700.000;Pendiente;Servicios Públicos;Fisica;Responsable 5
9/12/2024;NT00304;NIT0000000065;Crepes & Waffles;COP;13/02/2025;FAC-5;PED-4345;$ 7.500.000;Pendiente;Consultoría;Fisica;Responsable 5
6/11/2025;NT00305;NIT0000000066;SAP;COP;18/12/2024;FAC-5;PED-4346;$ 120.000.000;Pendiente;Tecnologia;Fisica;Responsable 5
5/01/2022;NT00306;NIT0000000067;Mitie;COP;5/05/2022;FAC-5;PED-4347;$ 7.500.000;Pendiente;Servicios Públicos;Fisica;Responsable 5
26/04/2023;NT00307;NIT0000000068;EY;COP;9/02/2022;FAC-5;PED-4348;$ 35.000.000;Pendiente;Servicios;Fisica;Responsable 5
15/03/2022;NT00308;NIT0000000069;BCG;COP;1/03/2024;FAC-5;PED-4349;$ 145.000.000;Pendiente;Servicios;Fisica;Responsable 5
26/01/2024;NT00309;NIT0000000070;Google;COP;9/03/2024;FAC-5;PED-4350;$ 15.000.000;Pendiente;Tecnologia;Fisica;Responsable 5
18/03/2023;NT00310;NIT0000000001;ABM;COP;18/02/2022;FAC-6;PED-4351;$ 6.200.000;Pagada;Servicios Públicos;Electronica;Responsable 6
24/05/2024;NT00311;NIT0000000002;Subway;COP;4/08/2023;FAC-6;PED-4352;$ 18.000.000;Pagada;Consultoría;Electronica;Responsable 6
15/02/2024;NT00312;NIT0000000003;Sodexo;COP;23/04/2024;FAC-6;PED-4353;$ 11.000.000;Pagada;Servicios Públicos;Electronica;Responsable 6
18/06/2023;NT00313;NIT0000000005;ISS;COP;21/07/2024;FAC-6;PED-4355;$ 9.800.000;Pagada;Servicios Públicos;Electronica;Responsable 6
8/05/2023;NT00314;NIT0000000006;Rentokil;COP;15/06/2025;FAC-6;PED-4356;$ 1.200.000;Pagada;Servicios Públicos;Electronica;Responsable 6
12/02/2023;NT00315;NIT0000000008;IBM;COP;1/07/2022;FAC-6;PED-4358;$ 75.000.000;Pagada;Tecnologia;Electronica;Responsable 6
27/09/2023;NT00316;NIT0000000009;Oma;COP;9/05/2022;FAC-6;PED-4359;$ 3.200.000;Pagada;Consultoría;Electronica;Responsable 6
18/10/2024;NT00317;NIT0000000010;Deloitte;COP;30/06/2025;FAC-6;PED-4360;$ 40.000.000;Pagada;Servicios;Electronica;Responsable 6
16/03/2025;NT00318;NIT0000000011;Apple;COP;8/08/2024;FAC-6;PED-4361;$ 45.000.000;Pagada;Tecnologia;Electronica;Responsable 6
7/12/2022;NT00319;NIT0000000012;Intel;COP;17/12/2022;FAC-6;PED-4362;$ 32.000.000;Pagada;Tecnologia;Electronica;Responsable 6
23/09/2024;NT00320;NIT0000000013;General Mills;COP;19/04/2025;FAC-6;PED-4363;$ 6.500.000;Pagada;Alimentación;Electronica;Responsable 6
29/01/2023;NT00321;NIT0000000014;Unilever;COP;18/11/2022;FAC-6;PED-4364;$ 8.200.000;Pagada;Alimentación;Electronica;Responsable 6
15/07/2025;NT00322;NIT0000000015;Dunkin Donuts;COP;10/02/2024;FAC-6;PED-4365;$ 35.000.000;Pagada;Consultoría;Electronica;Responsable 6
6/09/2023;NT00323;NIT0000000017;Aramark;COP;26/05/2025;FAC-6;PED-4367;$ 12.000.000;Pagada;Servicios Públicos;Electronica;Responsable 6
24/04/2023;NT00324;NIT0000000018;E.ON;COP;14/06/2022;FAC-6;PED-4368;$ 18.000.000;Pagada;Energía;Electronica;Responsable 6
2/04/2024;NT00325;NIT0000000020;Iberdrola;COP;4/03/2022;FAC-6;PED-4370;$ 17.500.000;Pagada;Energía;Electronica;Responsable 6
11/10/2024;NT00326;NIT0000000021;Engie;COP;26/02/2022;FAC-6;PED-4371;$ 22.000.000;Pagada;Energía;Electronica;Responsable 6
9/10/2024;NT00327;NIT0000000023;TCS;COP;25/06/2022;FAC-6;PED-4373;$ 120.000.000;Pagada;Servicios;Electronica;Responsable 6
29/01/2023;NT00328;NIT0000000024;PepsiCo;COP;22/06/2023;FAC-6;PED-4374;$ 7.000.000;Pagada;Alimentación;Electronica;Responsable 6
3/01/2024;NT00329;NIT0000000025;PwC;COP;20/11/2024;FAC-6;PED-4375;$ 28.000.000;Pagada;Servicios;Electronica;Responsable 6
18/12/2023;NT00330;NIT0000000027;Duke Energy;COP;14/10/2024;FAC-6;PED-4377;$ 21.500.000;Pagada;Energía;Electronica;Responsable 6
11/08/2025;NT00331;NIT0000000028;McKinsey;COP;27/12/2025;FAC-6;PED-4378;$ 150.000.000;Pagada;Servicios;Electronica;Responsable 6
25/11/2022;NT00332;NIT0000000029;Danone;COP;11/09/2024;FAC-6;PED-4379;$ 5.800.000;Pagada;Alimentación;Electronica;Responsable 6
9/08/2024;NT00333;NIT0000000030;Facebook;COP;24/09/2022;FAC-6;PED-4380;$ 5.000.000;Pagada;Tecnologia;Electronica;Responsable 6
26/07/2024;NT00334;NIT0000000031;Microsoft;COP;25/11/2024;FAC-6;PED-4381;$ 54.000.000;Pagada;Tecnologia;Electronica;Responsable 6
29/06/2023;NT00335;NIT0000000032;Enel;COP;3/05/2024;FAC-6;PED-4382;$ 20.000.000;Pagada;Energía;Electronica;Responsable 6
29/10/2024;NT00336;NIT0000000033;Coca-Cola;COP;7/04/2025;FAC-6;PED-4383;$ 18.000.000;Pagada;Alimentación;Electronica;Responsable 6
11/06/2024;NT00337;NIT0000000035;Kellogg;COP;9/01/2024;FAC-6;PED-4385;$ 18.900.000;Pagada;Alimentación;Electronica;Responsable 6
20/07/2023;NT00338;NIT0000000036;Southern Company;COP;11/05/2024;FAC-6;PED-4386;$ 19.800.000;Pagada;Energía;Electronica;Responsable 6
4/10/2023;NT00339;NIT0000000037;Kraft Heinz;COP;9/08/2022;FAC-6;PED-4387;$ 9.000.000;Pagada;Alimentación;Electronica;Responsable 6
11/01/2025;NT00340;NIT0000000038;G4S;COP;31/10/2023;FAC-6;PED-4388;$ 8.500.000;Pagada;Servicios Públicos;Electronica;Responsable 6
21/01/2023;NT00341;NIT0000000040;RWE;COP;22/01/2025;FAC-6;PED-4390;$ 19.000.000;Pagada;Energía;Electronica;Responsable 6
13/03/2025;NT00342;NIT0000000041;Juan Valdez;COP;19/01/2024;FAC-6;PED-4391;$ 4.200.000;Pagada;Consultoría;Electronica;Responsable 6
5/12/2022;NT00343;NIT0000000042;Compass Group;COP;1/02/2024;FAC-6;PED-4392;$ 10.500.000;Pagada;Servicios Públicos;Electronica;Responsable 6
12/08/2023;NT00344;NIT0000000043;Serco;COP;8/03/2022;FAC-6;PED-4393;$ 9.000.000;Pagada;Servicios Públicos;Electronica;Responsable 6
14/05/2023;NT00345;NIT0000000045;NextEra Energy;COP;23/03/2022;FAC-6;PED-4395;$ 23.000.000;Pagada;Energía;Electronica;Responsable 6
25/03/2022;NT00346;NIT0000000046;Exelon;COP;31/01/2024;FAC-6;PED-4396;$ 18.700.000;Pagada;Energía;Electronica;Responsable 6
12/07/2023;NT00347;NIT0000000047;EDF;COP;20/03/2023;FAC-6;PED-4397;$ 19.200.000;Pagada;Energía;Electronica;Responsable 6
15/06/2025;NT00348;NIT0000000048;Oracle;COP;24/04/2022;FAC-6;PED-4398;$ 120.000.000;Pagada;Tecnologia;Electronica;Responsable 6
17/12/2022;NT00349;NIT0000000049;Starbucks;COP;31/08/2025;FAC-6;PED-4399;$ 5.500.000;Pagada;Consultoría;Electronica;Responsable 6
13/06/2023;NT00350;NIT0000000050;Accenture;COP;27/01/2025;FAC-6;PED-4400;$ 95.000.000;Pagada;Servicios;Electronica;Responsable 6
6/01/2025;NT00351;NIT0000000051;Mondelez;COP;15/12/2022;FAC-6;PED-4401;$ 20.700.000;Pagada;Alimentación;Electronica;Responsable 6
29/01/2024;NT00352;NIT0000000052;KPMG;COP;29/01/2022;FAC-6;PED-4402;$ 30.000.000;Pagada;Servicios;Electronica;Responsable 6
11/11/2025;NT00353;NIT0000000053;Cisco;COP;7/03/2022;FAC-6;PED-4403;$ 35.000.000;Pagada;Tecnologia;Electronica;Responsable 6
26/02/2022;NT00354;NIT0000000056;Burger King;COP;21/01/2022;FAC-6;PED-4406;$ 45.000.000;Pagada;Consultoría;Electronica;Responsable 6
13/04/2025;NT00355;NIT0000000057;KFC;COP;1/04/2024;FAC-6;PED-4407;$ 38.000.000;Pagada;Consultoría;Electronica;Responsable 6
25/03/2023;NT00356;NIT0000000058;Capgemini;COP;7/06/2023;FAC-6;PED-4408;$ 80.000.000;Pagada;Servicios;Electronica;Responsable 6
13/07/2025;NT00357;NIT0000000059;Amazon;COP;19/11/2023;FAC-6;PED-4409;$ 22.000.000;Pagada;Tecnologia;Electronica;Responsable 6
18/04/2025;NT00358;NIT0000000060;Tostao;COP;11/10/2023;FAC-6;PED-4410;$ 3.800.000;Pagada;Consultoría;Electronica;Responsable 6
20/09/2025;NT00359;NIT0000000061;McDonald's;COP;17/10/2024;FAC-6;PED-4411;$ 60.000.000;Pagada;Consultoría;Electronica;Responsable 6
28/01/2022;NT00360;NIT0000000062;Bain;COP;7/02/2023;FAC-6;PED-4412;$ 140.000.000;Pagada;Servicios;Electronica;Responsable 6
10/05/2022;NT00361;NIT0000000063;Procter & Gamble;COP;19/07/2023;FAC-6;PED-4413;$ 21.600.000;Pagada;Alimentación;Electronica;Responsable 6
5/06/2023;NT00362;NIT0000000064;Securitas;COP;14/10/2022;FAC-6;PED-4414;$ 8.700.000;Pagada;Servicios Públicos;Electronica;Responsable 6
19/04/2023;NT00363;NIT0000000065;Crepes & Waffles;COP;24/04/2024;FAC-6;PED-4415;$ 7.500.000;Pagada;Consultoría;Electronica;Responsable 6
14/10/2025;NT00364;NIT0000000066;SAP;COP;10/06/2024;FAC-6;PED-4416;$ 120.000.000;Pagada;Tecnologia;Electronica;Responsable 6
17/09/2023;NT00365;NIT0000000067;Mitie;COP;6/09/2023;FAC-6;PED-4417;$ 7.500.000;Pagada;Servicios Públicos;Electronica;Responsable 6
11/01/2023;NT00366;NIT0000000068;EY;COP;6/02/2023;FAC-6;PED-4418;$ 35.000.000;Pagada;Servicios;Electronica;Responsable 6
29/01/2025;NT00367;NIT0000000069;BCG;COP;2/08/2022;FAC-6;PED-4419;$ 145.000.000;Pagada;Servicios;Electronica;Responsable 6
10/01/2025;NT00368;NIT0000000070;Google;COP;16/08/2024;FAC-6;PED-4420;$ 15.000.000;Pagada;Tecnologia;Electronica;Responsable 6
28/07/2025;NT00369;NIT0000000001;ABM;COP;13/04/2022;FAC-7;PED-4421;$ 6.200.000;Pendiente;Servicios Públicos;Fisica;Responsable 7
27/10/2025;NT00370;NIT0000000002;Subway;COP;19/06/2023;FAC-7;PED-4422;$ 9.000.000;Pendiente;Consultoría;Fisica;Responsable 7
22/10/2024;NT00371;NIT0000000003;Sodexo;COP;30/10/2023;FAC-7;PED-4423;$ 55.000.000;Pendiente;Servicios Públicos;Fisica;Responsable 7
19/08/2025;NT00372;NIT0000000005;ISS;COP;18/06/2025;FAC-7;PED-4425;$ 39.200.000;Pendiente;Servicios Públicos;Fisica;Responsable 7
16/03/2023;NT00373;NIT0000000006;Rentokil;COP;14/06/2024;FAC-7;PED-4426;$ 1.200.000;Pendiente;Servicios Públicos;Fisica;Responsable 7
5/02/2025;NT00374;NIT0000000008;IBM;COP;14/02/2023;FAC-7;PED-4428;$ 75.000.000;Pendiente;Tecnologia;Fisica;Responsable 7
27/03/2025;NT00375;NIT0000000009;Oma;COP;17/05/2022;FAC-7;PED-4429;$ 3.200.000;Pendiente;Consultoría;Fisica;Responsable 7
2/04/2023;NT00376;NIT0000000010;Deloitte;COP;30/01/2025;FAC-7;PED-4430;$ 40.000.000;Pendiente;Servicios;Fisica;Responsable 7
16/11/2022;NT00377;NIT0000000011;Apple;COP;6/01/2024;FAC-7;PED-4431;$ 45.000.000;Pendiente;Tecnologia;Fisica;Responsable 7
7/06/2025;NT00378;NIT0000000012;Intel;COP;27/01/2023;FAC-7;PED-4432;$ 32.000.000;Pendiente;Tecnologia;Fisica;Responsable 7
4/03/2022;NT00379;NIT0000000013;General Mills;COP;10/07/2023;FAC-7;PED-4433;$ 19.500.000;Pendiente;Alimentación;Fisica;Responsable 7
24/10/2022;NT00380;NIT0000000014;Unilever;COP;1/02/2025;FAC-7;PED-4434;$ 24.600.000;Pendiente;Alimentación;Fisica;Responsable 7
1/06/2025;NT00381;NIT0000000015;Dunkin Donuts;COP;3/10/2022;FAC-7;PED-4435;$ 35.000.000;Pendiente;Consultoría;Fisica;Responsable 7
14/07/2023;NT00382;NIT0000000017;Aramark;COP;15/08/2025;FAC-7;PED-4437;$ 12.000.000;Pendiente;Servicios Públicos;Fisica;Responsable 7
6/10/2024;NT00383;NIT0000000018;E.ON;COP;12/02/2022;FAC-7;PED-4438;$ 18.000.000;Pendiente;Energía;Fisica;Responsable 7
13/02/2025;NT00384;NIT0000000020;Iberdrola;COP;3/12/2023;FAC-7;PED-4440;$ 17.500.000;Pendiente;Energía;Fisica;Responsable 7
19/06/2023;NT00385;NIT0000000021;Engie;COP;4/01/2025;FAC-7;PED-4441;$ 22.000.000;Pendiente;Energía;Fisica;Responsable 7
11/03/2022;NT00386;NIT0000000023;TCS;COP;29/08/2024;FAC-7;PED-4443;$ 120.000.000;Pendiente;Servicios;Fisica;Responsable 7
13/06/2025;NT00387;NIT0000000024;PepsiCo;COP;6/03/2023;FAC-7;PED-4444;$ 14.000.000;Pendiente;Alimentación;Fisica;Responsable 7
1/11/2024;NT00388;NIT0000000025;PwC;COP;12/07/2023;FAC-7;PED-4445;$ 28.000.000;Pendiente;Servicios;Fisica;Responsable 7
5/12/2024;NT00389;NIT0000000027;Duke Energy;COP;18/10/2025;FAC-7;PED-4447;$ 21.500.000;Pendiente;Energía;Fisica;Responsable 7
28/07/2023;NT00390;NIT0000000028;McKinsey;COP;2/05/2025;FAC-7;PED-4448;$ 150.000.000;Pendiente;Servicios;Fisica;Responsable 7
2/11/2023;NT00391;NIT0000000029;Danone;COP;23/11/2023;FAC-7;PED-4449;$ 11.600.000;Pendiente;Alimentación;Fisica;Responsable 7
11/09/2022;NT00392;NIT0000000030;Facebook;COP;22/01/2025;FAC-7;PED-4450;$ 5.000.000;Pendiente;Tecnologia;Fisica;Responsable 7
3/10/2022;NT00393;NIT0000000031;Microsoft;COP;21/09/2022;FAC-7;PED-4451;$ 54.000.000;Pendiente;Tecnologia;Fisica;Responsable 7
1/02/2023;NT00394;NIT0000000032;Enel;COP;25/02/2023;FAC-7;PED-4452;$ 20.000.000;Pendiente;Energía;Fisica;Responsable 7
20/06/2022;NT00395;NIT0000000033;Coca-Cola;COP;14/06/2022;FAC-7;PED-4453;$ 18.000.000;Pendiente;Alimentación;Fisica;Responsable 7
16/07/2022;NT00396;NIT0000000035;Kellogg;COP;20/09/2023;FAC-7;PED-4455;$ 12.600.000;Pendiente;Alimentación;Fisica;Responsable 7
12/10/2024;NT00397;NIT0000000036;Southern Company;COP;15/12/2023;FAC-7;PED-4456;$ 19.800.000;Pendiente;Energía;Fisica;Responsable 7
7/12/2025;NT00398;NIT0000000037;Kraft Heinz;COP;3/01/2024;FAC-7;PED-4457;$ 9.000.000;Pendiente;Alimentación;Fisica;Responsable 7
7/06/2022;NT00399;NIT0000000038;G4S;COP;6/03/2024;FAC-7;PED-4458;$ 8.500.000;Pendiente;Servicios Públicos;Fisica;Responsable 7
10/09/2023;NT00400;NIT0000000040;RWE;COP;5/03/2023;FAC-7;PED-4460;$ 19.000.000;Pendiente;Energía;Fisica;Responsable 7
25/01/2025;NT00401;NIT0000000041;Juan Valdez;COP;26/11/2024;FAC-7;PED-4461;$ 4.200.000;Pendiente;Consultoría;Fisica;Responsable 7
17/11/2023;NT00402;NIT0000000042;Compass Group;COP;29/05/2025;FAC-7;PED-4462;$ 10.500.000;Pendiente;Servicios Públicos;Fisica;Responsable 7
11/09/2023;NT00403;NIT0000000043;Serco;COP;17/05/2023;FAC-7;PED-4463;$ 9.000.000;Pendiente;Servicios Públicos;Fisica;Responsable 7
15/05/2025;NT00404;NIT0000000045;NextEra Energy;COP;3/03/2022;FAC-7;PED-4465;$ 23.000.000;Pendiente;Energía;Fisica;Responsable 7
22/04/2025;NT00405;NIT0000000046;Exelon;COP;18/05/2022;FAC-7;PED-4466;$ 18.700.000;Pendiente;Energía;Fisica;Responsable 7
17/01/2025;NT00406;NIT0000000047;EDF;COP;25/06/2025;FAC-7;PED-4467;$ 19.200.000;Pendiente;Energía;Fisica;Responsable 7
29/12/2022;NT00407;NIT0000000048;Oracle;COP;18/05/2023;FAC-7;PED-4468;$ 120.000.000;Pendiente;Tecnologia;Fisica;Responsable 7
7/03/2023;NT00408;NIT0000000049;Starbucks;COP;23/01/2024;FAC-7;PED-4469;$ 11.000.000;Pendiente;Consultoría;Fisica;Responsable 7
20/10/2024;NT00409;NIT0000000050;Accenture;COP;7/07/2022;FAC-7;PED-4470;$ 95.000.000;Pendiente;Servicios;Fisica;Responsable 7
3/04/2024;NT00410;NIT0000000051;Mondelez;COP;16/07/2023;FAC-7;PED-4471;$ 13.800.000;Pendiente;Alimentación;Fisica;Responsable 7
18/12/2022;NT00411;NIT0000000052;KPMG;COP;26/11/2025;FAC-7;PED-4472;$ 30.000.000;Pendiente;Servicios;Fisica;Responsable 7
14/12/2024;NT00412;NIT0000000053;Cisco;COP;13/05/2025;FAC-7;PED-4473;$ 35.000.000;Pendiente;Tecnologia;Fisica;Responsable 7
25/12/2025;NT00413;NIT0000000056;Burger King;COP;4/08/2023;FAC-7;PED-4476;$ 90.000.000;Pendiente;Consultoría;Fisica;Responsable 7
30/10/2025;NT00414;NIT0000000057;KFC;COP;8/05/2023;FAC-7;PED-4477;$ 76.000.000;Pendiente;Consultoría;Fisica;Responsable 7
13/05/2024;NT00415;NIT0000000058;Capgemini;COP;14/08/2022;FAC-7;PED-4478;$ 80.000.000;Pendiente;Servicios;Fisica;Responsable 7
24/05/2023;NT00416;NIT0000000059;Amazon;COP;5/10/2022;FAC-7;PED-4479;$ 22.000.000;Pendiente;Tecnologia;Fisica;Responsable 7
16/12/2023;NT00417;NIT0000000060;Tostao;COP;7/06/2024;FAC-7;PED-4480;$ 7.600.000;Pendiente;Consultoría;Fisica;Responsable 7
22/05/2023;NT00418;NIT0000000061;McDonald's;COP;14/03/2023;FAC-7;PED-4481;$ 120.000.000;Pendiente;Consultoría;Fisica;Responsable 7
16/12/2025;NT00419;NIT0000000062;Bain;COP;28/05/2022;FAC-7;PED-4482;$ 140.000.000;Pendiente;Servicios;Fisica;Responsable 7
8/07/2025;NT00420;NIT0000000063;Procter & Gamble;COP;28/03/2022;FAC-7;PED-4483;$ 7.200.000;Pendiente;Alimentación;Fisica;Responsable 7
22/12/2025;NT00421;NIT0000000064;Securitas;COP;29/09/2023;FAC-7;PED-4484;$ 8.700.000;Pendiente;Servicios Públicos;Fisica;Responsable 7
21/07/2024;NT00422;NIT0000000065;Crepes & Waffles;COP;21/04/2024;FAC-7;PED-4485;$ 22.500.000;Pendiente;Consultoría;Fisica;Responsable 7
31/08/2024;NT00423;NIT0000000066;SAP;COP;8/01/2024;FAC-7;PED-4486;$ 240.000.000;Pendiente;Tecnologia;Fisica;Responsable 7
16/03/2022;NT00424;NIT0000000067;Mitie;COP;22/01/2024;FAC-7;PED-4487;$ 7.500.000;Pendiente;Servicios Públicos;Fisica;Responsable 7
28/02/2023;NT00425;NIT0000000068;EY;COP;18/05/2024;FAC-7;PED-4488;$ 35.000.000;Pendiente;Servicios;Fisica;Responsable 7
1/01/2024;NT00426;NIT0000000069;BCG;COP;3/08/2023;FAC-7;PED-4489;$ 145.000.000;Pendiente;Servicios;Fisica;Responsable 7
18/04/2025;NT00427;NIT0000000070;Google;COP;16/11/2022;FAC-7;PED-4490;$ 15.000.000;Pendiente;Tecnologia;Fisica;Responsable 7
24/05/2022;NT00428;NIT0000000001;ABM;COP;16/07/2022;FAC-8;PED-4491;$ 6.200.000;Pagada;Servicios Públicos;Electronica;Responsable 8
25/10/2025;NT00429;NIT0000000002;Subway;COP;21/03/2025;FAC-8;PED-4492;$ 27.000.000;Pagada;Consultoría;Electronica;Responsable 8
31/01/2023;NT00430;NIT0000000003;Sodexo;COP;11/05/2022;FAC-8;PED-4493;$ 11.000.000;Pagada;Servicios Públicos;Electronica;Responsable 8
22/04/2022;NT00431;NIT0000000005;ISS;COP;21/02/2022;FAC-8;PED-4495;$ 9.800.000;Pagada;Servicios Públicos;Electronica;Responsable 8
5/05/2023;NT00432;NIT0000000006;Rentokil;COP;7/04/2022;FAC-8;PED-4496;$ 1.200.000;Pagada;Servicios Públicos;Electronica;Responsable 8
20/06/2022;NT00433;NIT0000000008;IBM;COP;29/01/2023;FAC-8;PED-4498;$ 50.000.000;Pagada;Tecnologia;Electronica;Responsable 8
3/12/2025;NT00434;NIT0000000009;Oma;COP;7/10/2025;FAC-8;PED-4499;$ 3.200.000;Pagada;Consultoría;Electronica;Responsable 8
14/06/2024;NT00435;NIT0000000010;Deloitte;COP;14/09/2025;FAC-8;PED-4500;$ 40.000.000;Pagada;Servicios;Electronica;Responsable 8
4/07/2023;NT00436;NIT0000000011;Apple;COP;12/05/2022;FAC-8;PED-4501;$ 45.000.000;Pagada;Tecnologia;Electronica;Responsable 8
18/04/2024;NT00437;NIT0000000012;Intel;COP;6/11/2023;FAC-8;PED-4502;$ 32.000.000;Pagada;Tecnologia;Electronica;Responsable 8
21/08/2025;NT00438;NIT0000000013;General Mills;COP;17/06/2025;FAC-8;PED-4503;$ 6.500.000;Pagada;Alimentación;Electronica;Responsable 8
10/12/2024;NT00439;NIT0000000014;Unilever;COP;1/07/2025;FAC-8;PED-4504;$ 8.200.000;Pagada;Alimentación;Electronica;Responsable 8
11/11/2022;NT00440;NIT0000000015;Dunkin Donuts;COP;18/09/2025;FAC-8;PED-4505;$ 35.000.000;Pagada;Consultoría;Electronica;Responsable 8
16/08/2022;NT00441;NIT0000000017;Aramark;COP;20/09/2025;FAC-8;PED-4507;$ 12.000.000;Pagada;Servicios Públicos;Electronica;Responsable 8
28/07/2025;NT00442;NIT0000000018;E.ON;COP;29/09/2023;FAC-8;PED-4508;$ 18.000.000;Pagada;Energía;Electronica;Responsable 8
1/11/2023;NT00443;NIT0000000020;Iberdrola;COP;31/08/2023;FAC-8;PED-4510;$ 17.500.000;Pagada;Energía;Electronica;Responsable 8
16/06/2025;NT00444;NIT0000000021;Engie;COP;24/08/2024;FAC-8;PED-4511;$ 22.000.000;Pagada;Energía;Electronica;Responsable 8
24/03/2022;NT00445;NIT0000000023;TCS;COP;3/01/2022;FAC-8;PED-4513;$ 120.000.000;Pagada;Servicios;Electronica;Responsable 8
29/03/2023;NT00446;NIT0000000024;PepsiCo;COP;13/10/2022;FAC-8;PED-4514;$ 7.000.000;Pagada;Alimentación;Electronica;Responsable 8
15/01/2025;NT00447;NIT0000000025;PwC;COP;5/12/2025;FAC-8;PED-4515;$ 28.000.000;Pagada;Servicios;Electronica;Responsable 8
26/02/2022;NT00448;NIT0000000027;Duke Energy;COP;16/05/2023;FAC-8;PED-4517;$ 21.500.000;Pagada;Energía;Electronica;Responsable 8
15/05/2023;NT00449;NIT0000000028;McKinsey;COP;30/11/2025;FAC-8;PED-4518;$ 150.000.000;Pagada;Servicios;Electronica;Responsable 8
29/10/2025;NT00450;NIT0000000029;Danone;COP;1/12/2022;FAC-8;PED-4519;$ 5.800.000;Pagada;Alimentación;Electronica;Responsable 8
31/07/2022;NT00451;NIT0000000030;Facebook;COP;27/12/2022;FAC-8;PED-4520;$ 5.000.000;Pagada;Tecnologia;Electronica;Responsable 8
17/01/2025;NT00452;NIT0000000031;Microsoft;COP;27/01/2024;FAC-8;PED-4521;$ 36.000.000;Pagada;Tecnologia;Electronica;Responsable 8
23/12/2023;NT00453;NIT0000000032;Enel;COP;3/04/2025;FAC-8;PED-4522;$ 20.000.000;Pagada;Energía;Electronica;Responsable 8
18/11/2023;NT00454;NIT0000000033;Coca-Cola;COP;22/08/2025;FAC-8;PED-4523;$ 9.000.000;Pagada;Alimentación;Electronica;Responsable 8
16/08/2025;NT00455;NIT0000000035;Kellogg;COP;18/10/2025;FAC-8;PED-4525;$ 6.300.000;Pagada;Alimentación;Electronica;Responsable 8
23/01/2022;NT00456;NIT0000000036;Southern Company;COP;10/09/2022;FAC-8;PED-4526;$ 19.800.000;Pagada;Energía;Electronica;Responsable 8
27/02/2025;NT00457;NIT0000000037;Kraft Heinz;COP;25/09/2025;FAC-8;PED-4527;$ 4.500.000;Pagada;Alimentación;Electronica;Responsable 8
21/09/2025;NT00458;NIT0000000038;G4S;COP;3/07/2025;FAC-8;PED-4528;$ 8.500.000;Pagada;Servicios Públicos;Electronica;Responsable 8
6/09/2023;NT00459;NIT0000000040;RWE;COP;6/09/2024;FAC-8;PED-4530;$ 19.000.000;Pagada;Energía;Electronica;Responsable 8
26/10/2023;NT00460;NIT0000000041;Juan Valdez;COP;14/10/2023;FAC-8;PED-4531;$ 4.200.000;Pagada;Consultoría;Electronica;Responsable 8
19/04/2025;NT00461;NIT0000000042;Compass Group;COP;30/10/2025;FAC-8;PED-4532;$ 10.500.000;Pagada;Servicios Públicos;Electronica;Responsable 8
12/11/2025;NT00462;NIT0000000043;Serco;COP;2/10/2024;FAC-8;PED-4533;$ 9.000.000;Pagada;Servicios Públicos;Electronica;Responsable 8
14/09/2025;NT00463;NIT0000000045;NextEra Energy;COP;3/07/2024;FAC-8;PED-4535;$ 23.000.000;Pagada;Energía;Electronica;Responsable 8
2/07/2022;NT00464;NIT0000000046;Exelon;COP;18/02/2023;FAC-8;PED-4536;$ 18.700.000;Pagada;Energía;Electronica;Responsable 8
21/05/2024;NT00465;NIT0000000047;EDF;COP;5/11/2024;FAC-8;PED-4537;$ 19.200.000;Pagada;Energía;Electronica;Responsable 8
21/03/2025;NT00466;NIT0000000048;Oracle;COP;7/01/2023;FAC-8;PED-4538;$ 80.000.000;Pagada;Tecnologia;Electronica;Responsable 8
18/01/2022;NT00467;NIT0000000049;Starbucks;COP;15/04/2022;FAC-8;PED-4539;$ 5.500.000;Pagada;Consultoría;Electronica;Responsable 8
26/01/2024;NT00468;NIT0000000050;Accenture;COP;17/03/2023;FAC-8;PED-4540;$ 95.000.000;Pagada;Servicios;Electronica;Responsable 8
1/04/2025;NT00469;NIT0000000051;Mondelez;COP;4/06/2022;FAC-8;PED-4541;$ 6.900.000;Pagada;Alimentación;Electronica;Responsable 8
1/10/2022;NT00470;NIT0000000052;KPMG;COP;2/06/2025;FAC-8;PED-4542;$ 30.000.000;Pagada;Servicios;Electronica;Responsable 8
19/07/2022;NT00471;NIT0000000053;Cisco;COP;14/05/2023;FAC-8;PED-4543;$ 35.000.000;Pagada;Tecnologia;Electronica;Responsable 8
10/12/2022;NT00472;NIT0000000056;Burger King;COP;12/02/2023;FAC-8;PED-4546;$ 135.000.000;Pagada;Consultoría;Electronica;Responsable 8
2/04/2023;NT00473;NIT0000000057;KFC;COP;23/03/2024;FAC-8;PED-4547;$ 114.000.000;Pagada;Consultoría;Electronica;Responsable 8
8/10/2022;NT00474;NIT0000000058;Capgemini;COP;29/08/2024;FAC-8;PED-4548;$ 80.000.000;Pagada;Servicios;Electronica;Responsable 8
7/10/2024;NT00475;NIT0000000059;Amazon;COP;12/11/2022;FAC-8;PED-4549;$ 22.000.000;Pagada;Tecnologia;Electronica;Responsable 8
10/10/2022;NT00476;NIT0000000060;Tostao;COP;29/10/2024;FAC-8;PED-4550;$ 7.600.000;Pagada;Consultoría;Electronica;Responsable 8
16/06/2024;NT00477;NIT0000000061;McDonald's;COP;7/09/2023;FAC-8;PED-4551;$ 60.000.000;Pagada;Consultoría;Electronica;Responsable 8
30/12/2022;NT00478;NIT0000000062;Bain;COP;20/04/2024;FAC-8;PED-4552;$ 140.000.000;Pagada;Servicios;Electronica;Responsable 8
25/04/2022;NT00479;NIT0000000063;Procter & Gamble;COP;26/11/2023;FAC-8;PED-4553;$ 7.200.000;Pagada;Alimentación;Electronica;Responsable 8
11/09/2024;NT00480;NIT0000000064;Securitas;COP;8/07/2022;FAC-8;PED-4554;$ 8.700.000;Pagada;Servicios Públicos;Electronica;Responsable 8
4/11/2023;NT00481;NIT0000000065;Crepes & Waffles;COP;24/07/2025;FAC-8;PED-4555;$ 7.500.000;Pagada;Consultoría;Electronica;Responsable 8
9/03/2022;NT00482;NIT0000000066;SAP;COP;4/05/2023;FAC-8;PED-4556;$ 240.000.000;Pagada;Tecnologia;Electronica;Responsable 8
20/02/2025;NT00483;NIT0000000067;Mitie;COP;17/07/2023;FAC-8;PED-4557;$ 7.500.000;Pagada;Servicios Públicos;Electronica;Responsable 8
30/09/2024;NT00484;NIT0000000068;EY;COP;12/02/2022;FAC-8;PED-4558;$ 35.000.000;Pagada;Servicios;Electronica;Responsable 8
23/12/2023;NT00485;NIT0000000069;BCG;COP;21/01/2024;FAC-8;PED-4559;$ 145.000.000;Pagada;Servicios;Electronica;Responsable 8
31/10/2024;NT00486;NIT0000000070;Google;COP;9/04/2022;FAC-8;PED-4560;$ 15.000.000;Pagada;Tecnologia;Electronica;Responsable 8
29/02/2024;NT00487;NIT0000000001;ABM;COP;8/10/2022;FAC-9;PED-4561;$ 6.200.000;Pendiente;Servicios Públicos;Fisica;Responsable 9
30/07/2024;NT00488;NIT0000000002;Subway;COP;3/04/2023;FAC-9;PED-4562;$ 27.000.000;Pendiente;Consultoría;Fisica;Responsable 9
30/06/2023;NT00489;NIT0000000003;Sodexo;COP;19/03/2023;FAC-9;PED-4563;$ 11.000.000;Pendiente;Servicios Públicos;Fisica;Responsable 9
31/08/2023;NT00490;NIT0000000005;ISS;COP;5/12/2024;FAC-9;PED-4565;$ 9.800.000;Pendiente;Servicios Públicos;Fisica;Responsable 9
11/10/2023;NT00491;NIT0000000006;Rentokil;COP;11/01/2024;FAC-9;PED-4566;$ 1.200.000;Pendiente;Servicios Públicos;Fisica;Responsable 9
30/04/2022;NT00492;NIT0000000008;IBM;COP;25/01/2023;FAC-9;PED-4568;$ 50.000.000;Pendiente;Tecnologia;Fisica;Responsable 9
12/07/2023;NT00493;NIT0000000009;Oma;COP;18/10/2022;FAC-9;PED-4569;$ 6.400.000;Pendiente;Consultoría;Fisica;Responsable 9
1/09/2022;NT00494;NIT0000000010;Deloitte;COP;22/09/2023;FAC-9;PED-4570;$ 40.000.000;Pendiente;Servicios;Fisica;Responsable 9
28/11/2023;NT00495;NIT0000000011;Apple;COP;22/05/2023;FAC-9;PED-4571;$ 45.000.000;Pendiente;Tecnologia;Fisica;Responsable 9
22/12/2025;NT00496;NIT0000000012;Intel;COP;25/07/2024;FAC-9;PED-4572;$ 32.000.000;Pendiente;Tecnologia;Fisica;Responsable 9
24/11/2024;NT00497;NIT0000000013;General Mills;COP;7/06/2023;FAC-9;PED-4573;$ 6.500.000;Pendiente;Alimentación;Fisica;Responsable 9
8/07/2022;NT00498;NIT0000000014;Unilever;COP;3/06/2025;FAC-9;PED-4574;$ 8.200.000;Pendiente;Alimentación;Fisica;Responsable 9
11/11/2024;NT00499;NIT0000000015;Dunkin Donuts;COP;4/09/2025;FAC-9;PED-4575;$ 70.000.000;Pendiente;Consultoría;Fisica;Responsable 9
11/09/2025;NT00500;NIT0000000017;Aramark;COP;1/02/2023;FAC-9;PED-4577;$ 12.000.000;Pendiente;Servicios Públicos;Fisica;Responsable 9
21/06/2022;NT00501;NIT0000000018;E.ON;COP;5/03/2025;FAC-9;PED-4578;$ 18.000.000;Pendiente;Energía;Fisica;Responsable 9
12/10/2024;NT00502;NIT0000000020;Iberdrola;COP;11/01/2025;FAC-9;PED-4580;$ 17.500.000;Pendiente;Energía;Fisica;Responsable 9
17/01/2025;NT00503;NIT0000000021;Engie;COP;8/05/2022;FAC-9;PED-4581;$ 22.000.000;Pendiente;Energía;Fisica;Responsable 9
3/07/2022;NT00504;NIT0000000023;TCS;COP;15/10/2022;FAC-9;PED-4583;$ 120.000.000;Pendiente;Servicios;Fisica;Responsable 9
19/03/2024;NT00505;NIT0000000024;PepsiCo;COP;29/11/2023;FAC-9;PED-4584;$ 7.000.000;Pendiente;Alimentación;Fisica;Responsable 9
4/05/2024;NT00506;NIT0000000027;Duke Energy;COP;8/06/2022;FAC-9;PED-4587;$ 21.500.000;Pendiente;Energía;Fisica;Responsable 9
27/03/2024;NT00507;NIT0000000028;McKinsey;COP;24/08/2025;FAC-9;PED-4588;$ 150.000.000;Pendiente;Servicios;Fisica;Responsable 9
24/05/2023;NT00508;NIT0000000029;Danone;COP;3/11/2023;FAC-9;PED-4589;$ 5.800.000;Pendiente;Alimentación;Fisica;Responsable 9
26/11/2025;NT00509;NIT0000000030;Facebook;COP;27/04/2025;FAC-9;PED-4590;$ 5.000.000;Pendiente;Tecnologia;Fisica;Responsable 9
5/12/2022;NT00510;NIT0000000031;Microsoft;COP;17/12/2023;FAC-9;PED-4591;$ 18.000.000;Pendiente;Tecnologia;Fisica;Responsable 9
6/06/2024;NT00511;NIT0000000032;Enel;COP;12/08/2025;FAC-9;PED-4592;$ 20.000.000;Pendiente;Energía;Fisica;Responsable 9
10/11/2025;NT00512;NIT0000000033;Coca-Cola;COP;24/10/2022;FAC-9;PED-4593;$ 27.000.000;Pendiente;Alimentación;Fisica;Responsable 9
30/05/2025;NT00513;NIT0000000035;Kellogg;COP;20/08/2024;FAC-9;PED-4595;$ 18.900.000;Pendiente;Alimentación;Fisica;Responsable 9
17/12/2024;NT00514;NIT0000000036;Southern Company;COP;28/01/2023;FAC-9;PED-4596;$ 19.800.000;Pendiente;Energía;Fisica;Responsable 9
11/09/2023;NT00515;NIT0000000037;Kraft Heinz;COP;29/11/2023;FAC-9;PED-4597;$ 18.000.000;Pendiente;Alimentación;Fisica;Responsable 9
2/12/2023;NT00516;NIT0000000038;G4S;COP;9/12/2025;FAC-9;PED-4598;$ 8.500.000;Pendiente;Servicios Públicos;Fisica;Responsable 9
20/04/2024;NT00517;NIT0000000040;RWE;COP;24/10/2022;FAC-9;PED-4600;$ 19.000.000;Pendiente;Energía;Fisica;Responsable 9
30/01/2023;NT00518;NIT0000000041;Juan Valdez;COP;27/09/2022;FAC-9;PED-4601;$ 4.200.000;Pendiente;Consultoría;Fisica;Responsable 9
26/07/2023;NT00519;NIT0000000042;Compass Group;COP;4/02/2022;FAC-9;PED-4602;$ 10.500.000;Pendiente;Servicios Públicos;Fisica;Responsable 9
9/03/2022;NT00520;NIT0000000043;Serco;COP;18/04/2025;FAC-9;PED-4603;$ 9.000.000;Pendiente;Servicios Públicos;Fisica;Responsable 9
22/06/2024;NT00521;NIT0000000045;NextEra Energy;COP;30/06/2025;FAC-9;PED-4605;$ 23.000.000;Pendiente;Energía;Fisica;Responsable 9
2/07/2025;NT00522;NIT0000000046;Exelon;COP;5/12/2024;FAC-9;PED-4606;$ 18.700.000;Pendiente;Energía;Fisica;Responsable 9
28/12/2022;NT00523;NIT0000000047;EDF;COP;18/11/2024;FAC-9;PED-4607;$ 19.200.000;Pendiente;Energía;Fisica;Responsable 9
5/12/2025;NT00524;NIT0000000048;Oracle;COP;15/02/2023;FAC-9;PED-4608;$ 40.000.000;Pendiente;Tecnologia;Fisica;Responsable 9
2/05/2024;NT00525;NIT0000000049;Starbucks;COP;17/08/2023;FAC-9;PED-4609;$ 5.500.000;Pendiente;Consultoría;Fisica;Responsable 9
17/08/2024;NT00526;NIT0000000050;Accenture;COP;28/05/2023;FAC-9;PED-4610;$ 95.000.000;Pendiente;Servicios;Fisica;Responsable 9
4/06/2024;NT00527;NIT0000000051;Mondelez;COP;29/12/2024;FAC-9;PED-4611;$ 34.500.000;Pendiente;Alimentación;Fisica;Responsable 9
21/07/2024;NT00528;NIT0000000052;KPMG;COP;13/01/2025;FAC-9;PED-4612;$ 30.000.000;Pendiente;Servicios;Fisica;Responsable 9
31/01/2022;NT00529;NIT0000000053;Cisco;COP;25/07/2024;FAC-9;PED-4613;$ 35.000.000;Pendiente;Tecnologia;Fisica;Responsable 9
30/11/2022;NT00530;NIT0000000056;Burger King;COP;30/03/2022;FAC-9;PED-4616;$ 45.000.000;Pendiente;Consultoría;Fisica;Responsable 9
28/09/2024;NT00531;NIT0000000057;KFC;COP;9/07/2022;FAC-9;PED-4617;$ 38.000.000;Pendiente;Consultoría;Fisica;Responsable 9
17/07/2022;NT00532;NIT0000000058;Capgemini;COP;15/09/2023;FAC-9;PED-4618;$ 80.000.000;Pendiente;Servicios;Fisica;Responsable 9
22/08/2025;NT00533;NIT0000000059;Amazon;COP;26/12/2025;FAC-9;PED-4619;$ 22.000.000;Pendiente;Tecnologia;Fisica;Responsable 9
2/12/2024;NT00534;NIT0000000060;Tostao;COP;24/06/2023;FAC-9;PED-4620;$ 3.800.000;Pendiente;Consultoría;Fisica;Responsable 9
11/06/2022;NT00535;NIT0000000061;McDonald's;COP;12/05/2023;FAC-9;PED-4621;$ 60.000.000;Pendiente;Consultoría;Fisica;Responsable 9
9/06/2023;NT00536;NIT0000000062;Bain;COP;30/05/2023;FAC-9;PED-4622;$ 140.000.000;Pendiente;Servicios;Fisica;Responsable 9
9/04/2022;NT00537;NIT0000000063;Procter & Gamble;COP;18/09/2023;FAC-9;PED-4623;$ 43.200.000;Pendiente;Alimentación;Fisica;Responsable 9
12/02/2024;NT00538;NIT0000000064;Securitas;COP;25/06/2023;FAC-9;PED-4624;$ 8.700.000;Pendiente;Servicios Públicos;Fisica;Responsable 9
5/07/2022;NT00539;NIT0000000065;Crepes & Waffles;COP;6/01/2025;FAC-9;PED-4625;$ 7.500.000;Pendiente;Consultoría;Fisica;Responsable 9
18/08/2023;NT00540;NIT0000000066;SAP;COP;13/05/2022;FAC-9;PED-4626;$ 120.000.000;Pendiente;Tecnologia;Fisica;Responsable 9
2/12/2023;NT00541;NIT0000000067;Mitie;COP;27/02/2023;FAC-9;PED-4627;$ 7.500.000;Pendiente;Servicios Públicos;Fisica;Responsable 9
18/12/2022;NT00542;NIT0000000068;EY;COP;15/11/2024;FAC-9;PED-4628;$ 35.000.000;Pendiente;Servicios;Fisica;Responsable 9
8/08/2023;NT00543;NIT0000000069;BCG;COP;9/05/2025;FAC-9;PED-4629;$ 145.000.000;Pendiente;Servicios;Fisica;Responsable 9
10/11/2022;NT00544;NIT0000000070;Google;COP;14/05/2024;FAC-9;PED-4630;$ 15.000.000;Pendiente;Tecnologia;Fisica;Responsable 9
28/04/2022;NT00545;NIT0000000001;ABM;COP;15/05/2024;FAC-10;PED-4631;$ 6.200.000;Pagada;Servicios Públicos;Electronica;Responsable 0
1/07/2022;NT00546;NIT0000000002;Subway;COP;27/01/2025;FAC-10;PED-4632;$ 9.000.000;Pagada;Consultoría;Electronica;Responsable 0
3/06/2023;NT00547;NIT0000000003;Sodexo;COP;20/11/2023;FAC-10;PED-4633;$ 11.000.000;Pagada;Servicios Públicos;Electronica;Responsable 0
8/07/2022;NT00548;NIT0000000005;ISS;COP;6/03/2024;FAC-10;PED-4635;$ 9.800.000;Pagada;Servicios Públicos;Electronica;Responsable 0
1/02/2022;NT00549;NIT0000000006;Rentokil;COP;30/12/2025;FAC-10;PED-4636;$ 1.200.000;Pagada;Servicios Públicos;Electronica;Responsable 0
9/12/2023;NT00550;NIT0000000008;IBM;COP;3/02/2024;FAC-10;PED-4638;$ 25.000.000;Pagada;Tecnologia;Electronica;Responsable 0
11/12/2023;NT00551;NIT0000000009;Oma;COP;16/11/2023;FAC-10;PED-4639;$ 3.200.000;Pagada;Consultoría;Electronica;Responsable 0
4/10/2022;NT00552;NIT0000000010;Deloitte;COP;6/12/2024;FAC-10;PED-4640;$ 40.000.000;Pagada;Servicios;Electronica;Responsable 0
14/03/2023;NT00553;NIT0000000011;Apple;COP;20/01/2023;FAC-10;PED-4641;$ 45.000.000;Pagada;Tecnologia;Electronica;Responsable 0
2/07/2024;NT00554;NIT0000000012;Intel;COP;19/02/2023;FAC-10;PED-4642;$ 32.000.000;Pagada;Tecnologia;Electronica;Responsable 0
11/05/2022;NT00555;NIT0000000013;General Mills;COP;6/10/2025;FAC-10;PED-4643;$ 39.000.000;Pagada;Alimentación;Electronica;Responsable 0
18/07/2023;NT00556;NIT0000000014;Unilever;COP;21/01/2025;FAC-10;PED-4644;$ 57.400.000;Pagada;Alimentación;Electronica;Responsable 0
4/02/2025;NT00557;NIT0000000015;Dunkin Donuts;COP;27/02/2022;FAC-10;PED-4645;$ 35.000.000;Pagada;Consultoría;Electronica;Responsable 0
6/03/2023;NT00558;NIT0000000017;Aramark;COP;16/03/2025;FAC-10;PED-4647;$ 12.000.000;Pagada;Servicios Públicos;Electronica;Responsable 0
10/08/2022;NT00559;NIT0000000018;E.ON;COP;11/06/2022;FAC-10;PED-4648;$ 18.000.000;Pagada;Energía;Electronica;Responsable 0
25/08/2024;NT00560;NIT0000000020;Iberdrola;COP;4/08/2025;FAC-10;PED-4650;$ 17.500.000;Pagada;Energía;Electronica;Responsable 0
21/04/2023;NT00561;NIT0000000021;Engie;COP;24/12/2023;FAC-10;PED-4651;$ 22.000.000;Pagada;Energía;Electronica;Responsable 0
3/03/2024;NT00562;NIT0000000023;TCS;COP;18/11/2022;FAC-10;PED-4653;$ 120.000.000;Pagada;Servicios;Electronica;Responsable 0
28/06/2025;NT00563;NIT0000000024;PepsiCo;COP;6/06/2022;FAC-10;PED-4654;$ 7.000.000;Pagada;Alimentación;Electronica;Responsable 0
6/07/2024;NT00564;NIT0000000025;PwC;COP;22/05/2025;FAC-10;PED-4655;$ 28.000.000;Pagada;Servicios;Electronica;Responsable 0
16/04/2022;NT00565;NIT0000000027;Duke Energy;COP;4/12/2023;FAC-10;PED-4657;$ 21.500.000;Pagada;Energía;Electronica;Responsable 0
9/04/2023;NT00566;NIT0000000028;McKinsey;COP;23/06/2025;FAC-10;PED-4658;$ 150.000.000;Pagada;Servicios;Electronica;Responsable 0
17/12/2024;NT00567;NIT0000000029;Danone;COP;7/07/2025;FAC-10;PED-4659;$ 5.800.000;Pagada;Alimentación;Electronica;Responsable 0
21/06/2023;NT00568;NIT0000000030;Facebook;COP;1/09/2025;FAC-10;PED-4660;$ 5.000.000;Pagada;Tecnologia;Electronica;Responsable 0
19/05/2022;NT00569;NIT0000000031;Microsoft;COP;8/01/2022;FAC-10;PED-4661;$ 18.000.000;Pagada;Tecnologia;Electronica;Responsable 0
3/09/2022;NT00570;NIT0000000032;Enel;COP;22/02/2023;FAC-10;PED-4662;$ 20.000.000;Pagada;Energía;Electronica;Responsable 0
23/04/2023;NT00571;NIT0000000033;Coca-Cola;COP;15/01/2024;FAC-10;PED-4663;$ 9.000.000;Pagada;Alimentación;Electronica;Responsable 0
21/10/2022;NT00572;NIT0000000035;Kellogg;COP;3/09/2022;FAC-10;PED-4665;$ 6.300.000;Pagada;Alimentación;Electronica;Responsable 0
26/06/2024;NT00573;NIT0000000036;Southern Company;COP;22/06/2022;FAC-10;PED-4666;$ 19.800.000;Pagada;Energía;Electronica;Responsable 0
12/11/2023;NT00574;NIT0000000037;Kraft Heinz;COP;18/07/2025;FAC-10;PED-4667;$ 4.500.000;Pagada;Alimentación;Electronica;Responsable 0
17/07/2025;NT00575;NIT0000000038;G4S;COP;28/02/2023;FAC-10;PED-4668;$ 8.500.000;Pagada;Servicios Públicos;Electronica;Responsable 0
22/06/2024;NT00576;NIT0000000040;RWE;COP;13/10/2025;FAC-10;PED-4670;$ 19.000.000;Pagada;Energía;Electronica;Responsable 0
23/05/2022;NT00577;NIT0000000041;Juan Valdez;COP;30/05/2023;FAC-10;PED-4671;$ 4.200.000;Pagada;Consultoría;Electronica;Responsable 0
20/06/2024;NT00578;NIT0000000042;Compass Group;COP;29/06/2024;FAC-10;PED-4672;$ 10.500.000;Pagada;Servicios Públicos;Electronica;Responsable 0
7/01/2023;NT00579;NIT0000000043;Serco;COP;27/03/2023;FAC-10;PED-4673;$ 9.000.000;Pagada;Servicios Públicos;Electronica;Responsable 0
13/01/2023;NT00580;NIT0000000045;NextEra Energy;COP;26/09/2025;FAC-10;PED-4675;$ 23.000.000;Pagada;Energía;Electronica;Responsable 0
12/05/2022;NT00581;NIT0000000046;Exelon;COP;14/11/2024;FAC-10;PED-4676;$ 18.700.000;Pagada;Energía;Electronica;Responsable 0
31/12/2024;NT00582;NIT0000000047;EDF;COP;11/03/2022;FAC-10;PED-4677;$ 19.200.000;Pagada;Energía;Electronica;Responsable 0
2/05/2023;NT00583;NIT0000000048;Oracle;COP;1/08/2022;FAC-10;PED-4678;$ 80.000.000;Pagada;Tecnologia;Electronica;Responsable 0
20/09/2024;NT00584;NIT0000000049;Starbucks;COP;8/07/2025;FAC-10;PED-4679;$ 5.500.000;Pagada;Consultoría;Electronica;Responsable 0
28/07/2025;NT00585;NIT0000000050;Accenture;COP;30/07/2023;FAC-10;PED-4680;$ 95.000.000;Pagada;Servicios;Electronica;Responsable 0
15/03/2023;NT00586;NIT0000000051;Mondelez;COP;28/04/2023;FAC-10;PED-4681;$ 6.900.000;Pagada;Alimentación;Electronica;Responsable 0
1/03/2024;NT00587;NIT0000000052;KPMG;COP;7/03/2023;FAC-10;PED-4682;$ 30.000.000;Pagada;Servicios;Electronica;Responsable 0
23/03/2024;NT00588;NIT0000000053;Cisco;COP;12/06/2023;FAC-10;PED-4683;$ 35.000.000;Pagada;Tecnologia;Electronica;Responsable 0
10/09/2025;NT00589;NIT0000000056;Burger King;COP;21/07/2023;FAC-10;PED-4686;$ 45.000.000;Pagada;Consultoría;Electronica;Responsable 0
14/08/2025;NT00590;NIT0000000057;KFC;COP;23/12/2023;FAC-10;PED-4687;$ 38.000.000;Pagada;Consultoría;Electronica;Responsable 0
25/08/2024;NT00591;NIT0000000058;Capgemini;COP;2/05/2024;FAC-10;PED-4688;$ 80.000.000;Pagada;Servicios;Electronica;Responsable 0
24/08/2024;NT00592;NIT0000000059;Amazon;COP;14/04/2023;FAC-10;PED-4689;$ 22.000.000;Pagada;Tecnologia;Electronica;Responsable 0
30/10/2024;NT00593;NIT0000000060;Tostao;COP;17/09/2025;FAC-10;PED-4690;$ 7.600.000;Pagada;Consultoría;Electronica;Responsable 0
13/10/2023;NT00594;NIT0000000061;McDonald's;COP;11/07/2025;FAC-10;PED-4691;$ 60.000.000;Pagada;Consultoría;Electronica;Responsable 0
1/06/2022;NT00595;NIT0000000062;Bain;COP;29/06/2022;FAC-10;PED-4692;$ 140.000.000;Pagada;Servicios;Electronica;Responsable 0
30/10/2022;NT00596;NIT0000000063;Procter & Gamble;COP;13/02/2022;FAC-10;PED-4693;$ 7.200.000;Pagada;Alimentación;Electronica;Responsable 0
24/12/2022;NT00597;NIT0000000064;Securitas;COP;28/04/2024;FAC-10;PED-4694;$ 8.700.000;Pagada;Servicios Públicos;Electronica;Responsable 0
27/01/2022;NT00598;NIT0000000065;Crepes & Waffles;COP;14/12/2025;FAC-10;PED-4695;$ 7.500.000;Pagada;Consultoría;Electronica;Responsable 0
20/04/2025;NT00599;NIT0000000066;SAP;COP;21/04/2025;FAC-10;PED-4696;$ 240.000.000;Pagada;Tecnologia;Electronica;Responsable 0
2/11/2025;NT00600;NIT0000000067;Mitie;COP;1/05/2023;FAC-10;PED-4697;$ 7.500.000;Pagada;Servicios Públicos;Electronica;Responsable 0
28/02/2024;NT00601;NIT0000000068;EY;COP;10/02/2023;FAC-10;PED-4698;$ 35.000.000;Pagada;Servicios;Electronica;Responsable 0
26/12/2023;NT00602;NIT0000000069;BCG;COP;26/12/2022;FAC-10;PED-4699;$ 145.000.000;Pagada;Servicios;Electronica;Responsable 0
8/12/2024;NT00603;NIT0000000070;Google;COP;6/03/2024;FAC-10;PED-4700;$ 15.000.000;Pagada;Tecnologia;Electronica;Responsable 0
5/09/2024;NT00604;NIT0000000001;ABM;COP;23/05/2025;FAC-11;PED-4701;$ 6.200.000;Pendiente;Servicios Públicos;Fisica;Responsable 1
24/03/2025;NT00605;NIT0000000002;Subway;COP;25/11/2024;FAC-11;PED-4702;$ 9.000.000;Pendiente;Consultoría;Fisica;Responsable 1
1/06/2022;NT00606;NIT0000000003;Sodexo;COP;3/08/2024;FAC-11;PED-4703;$ 11.000.000;Pendiente;Servicios Públicos;Fisica;Responsable 1
27/01/2025;NT00607;NIT0000000005;ISS;COP;12/12/2023;FAC-11;PED-4705;$ 9.800.000;Pendiente;Servicios Públicos;Fisica;Responsable 1
14/10/2022;NT00608;NIT0000000006;Rentokil;COP;16/08/2023;FAC-11;PED-4706;$ 1.200.000;Pendiente;Servicios Públicos;Fisica;Responsable 1
13/12/2023;NT00609;NIT0000000008;IBM;COP;4/01/2023;FAC-11;PED-4708;$ 50.000.000;Pendiente;Tecnologia;Fisica;Responsable 1
2/07/2022;NT00610;NIT0000000009;Oma;COP;1/02/2024;FAC-11;PED-4709;$ 9.600.000;Pendiente;Consultoría;Fisica;Responsable 1
21/01/2025;NT00611;NIT0000000010;Deloitte;COP;27/12/2024;FAC-11;PED-4710;$ 40.000.000;Pendiente;Servicios;Fisica;Responsable 1
23/05/2024;NT00612;NIT0000000011;Apple;COP;24/08/2024;FAC-11;PED-4711;$ 45.000.000;Pendiente;Tecnologia;Fisica;Responsable 1
24/05/2025;NT00613;NIT0000000012;Intel;COP;10/09/2025;FAC-11;PED-4712;$ 32.000.000;Pendiente;Tecnologia;Fisica;Responsable 1
3/11/2022;NT00614;NIT0000000013;General Mills;COP;30/03/2023;FAC-11;PED-4713;$ 6.500.000;Pendiente;Alimentación;Fisica;Responsable 1
13/07/2025;NT00615;NIT0000000014;Unilever;COP;24/04/2025;FAC-11;PED-4714;$ 8.200.000;Pendiente;Alimentación;Fisica;Responsable 1
14/07/2024;NT00616;NIT0000000015;Dunkin Donuts;COP;14/04/2023;FAC-11;PED-4715;$ 70.000.000;Pendiente;Consultoría;Fisica;Responsable 1
29/05/2024;NT00617;NIT0000000017;Aramark;COP;31/07/2025;FAC-11;PED-4717;$ 12.000.000;Pendiente;Servicios Públicos;Fisica;Responsable 1
29/03/2022;NT00618;NIT0000000018;E.ON;COP;27/06/2024;FAC-11;PED-4718;$ 18.000.000;Pendiente;Energía;Fisica;Responsable 1
26/09/2022;NT00619;NIT0000000020;Iberdrola;COP;17/02/2024;FAC-11;PED-4720;$ 17.500.000;Pendiente;Energía;Fisica;Responsable 1
28/03/2022;NT00620;NIT0000000021;Engie;COP;17/06/2025;FAC-11;PED-4721;$ 22.000.000;Pendiente;Energía;Fisica;Responsable 1
29/10/2022;NT00621;NIT0000000023;TCS;COP;18/07/2023;FAC-11;PED-4723;$ 120.000.000;Pendiente;Servicios;Fisica;Responsable 1
8/08/2025;NT00622;NIT0000000024;PepsiCo;COP;16/08/2025;FAC-11;PED-4724;$ 7.000.000;Pendiente;Alimentación;Fisica;Responsable 1
8/12/2022;NT00623;NIT0000000025;PwC;COP;18/02/2023;FAC-11;PED-4725;$ 28.000.000;Pendiente;Servicios;Fisica;Responsable 1
10/09/2024;NT00624;NIT0000000027;Duke Energy;COP;21/02/2022;FAC-11;PED-4727;$ 21.500.000;Pendiente;Energía;Fisica;Responsable 1
17/05/2024;NT00625;NIT0000000028;McKinsey;COP;31/10/2022;FAC-11;PED-4728;$ 150.000.000;Pendiente;Servicios;Fisica;Responsable 1
23/02/2025;NT00626;NIT0000000029;Danone;COP;19/08/2022;FAC-11;PED-4729;$ 5.800.000;Pendiente;Alimentación;Fisica;Responsable 1
13/08/2025;NT00627;NIT0000000030;Facebook;COP;19/09/2024;FAC-11;PED-4730;$ 5.000.000;Pendiente;Tecnologia;Fisica;Responsable 1
24/11/2022;NT00628;NIT0000000031;Microsoft;COP;20/04/2023;FAC-11;PED-4731;$ 36.000.000;Pendiente;Tecnologia;Fisica;Responsable 1
14/06/2025;NT00629;NIT0000000032;Enel;COP;19/07/2022;FAC-11;PED-4732;$ 20.000.000;Pendiente;Energía;Fisica;Responsable 1
25/11/2023;NT00630;NIT0000000033;Coca-Cola;COP;3/09/2022;FAC-11;PED-4733;$ 9.000.000;Pendiente;Alimentación;Fisica;Responsable 1
31/05/2024;NT00631;NIT0000000035;Kellogg;COP;10/03/2025;FAC-11;PED-4735;$ 12.600.000;Pendiente;Alimentación;Fisica;Responsable 1
28/10/2025;NT00632;NIT0000000036;Southern Company;COP;29/05/2022;FAC-11;PED-4736;$ 19.800.000;Pendiente;Energía;Fisica;Responsable 1
19/10/2023;NT00633;NIT0000000037;Kraft Heinz;COP;3/04/2025;FAC-11;PED-4737;$ 9.000.000;Pendiente;Alimentación;Fisica;Responsable 1
31/05/2023;NT00634;NIT0000000038;G4S;COP;9/12/2022;FAC-11;PED-4738;$ 8.500.000;Pendiente;Servicios Públicos;Fisica;Responsable 1
11/04/2022;NT00635;NIT0000000040;RWE;COP;1/11/2022;FAC-11;PED-4740;$ 19.000.000;Pendiente;Energía;Fisica;Responsable 1
22/09/2025;NT00636;NIT0000000041;Juan Valdez;COP;28/09/2023;FAC-11;PED-4741;$ 4.200.000;Pendiente;Consultoría;Fisica;Responsable 1
26/10/2023;NT00637;NIT0000000042;Compass Group;COP;18/08/2022;FAC-11;PED-4742;$ 10.500.000;Pendiente;Servicios Públicos;Fisica;Responsable 1
29/11/2023;NT00638;NIT0000000043;Serco;COP;12/10/2025;FAC-11;PED-4743;$ 9.000.000;Pendiente;Servicios Públicos;Fisica;Responsable 1
5/06/2024;NT00639;NIT0000000045;NextEra Energy;COP;22/11/2023;FAC-11;PED-4745;$ 23.000.000;Pendiente;Energía;Fisica;Responsable 1
24/12/2025;NT00640;NIT0000000046;Exelon;COP;1/10/2022;FAC-11;PED-4746;$ 18.700.000;Pendiente;Energía;Fisica;Responsable 1
16/03/2022;NT00641;NIT0000000047;EDF;COP;30/11/2024;FAC-11;PED-4747;$ 19.200.000;Pendiente;Energía;Fisica;Responsable 1
25/09/2024;NT00642;NIT0000000048;Oracle;COP;9/11/2025;FAC-11;PED-4748;$ 80.000.000;Pendiente;Tecnologia;Fisica;Responsable 1
26/07/2022;NT00643;NIT0000000049;Starbucks;COP;23/11/2025;FAC-11;PED-4749;$ 5.500.000;Pendiente;Consultoría;Fisica;Responsable 1
11/09/2025;NT00644;NIT0000000050;Accenture;COP;4/07/2025;FAC-11;PED-4750;$ 95.000.000;Pendiente;Servicios;Fisica;Responsable 1
20/12/2025;NT00645;NIT0000000051;Mondelez;COP;5/11/2022;FAC-11;PED-4751;$ 13.800.000;Pendiente;Alimentación;Fisica;Responsable 1
17/02/2023;NT00646;NIT0000000052;KPMG;COP;7/06/2022;FAC-11;PED-4752;$ 30.000.000;Pendiente;Servicios;Fisica;Responsable 1
24/05/2025;NT00647;NIT0000000053;Cisco;COP;4/12/2022;FAC-11;PED-4753;$ 35.000.000;Pendiente;Tecnologia;Fisica;Responsable 1
1/10/2025;NT00648;NIT0000000056;Burger King;COP;28/07/2025;FAC-11;PED-4756;$ 90.000.000;Pendiente;Consultoría;Fisica;Responsable 1
28/08/2023;NT00649;NIT0000000057;KFC;COP;3/07/2024;FAC-11;PED-4757;$ 38.000.000;Pendiente;Consultoría;Fisica;Responsable 1
24/06/2025;NT00650;NIT0000000058;Capgemini;COP;24/08/2023;FAC-11;PED-4758;$ 80.000.000;Pendiente;Servicios;Fisica;Responsable 1
9/11/2023;NT00651;NIT0000000059;Amazon;COP;12/05/2022;FAC-11;PED-4759;$ 22.000.000;Pendiente;Tecnologia;Fisica;Responsable 1
13/08/2025;NT00652;NIT0000000060;Tostao;COP;23/02/2025;FAC-11;PED-4760;$ 3.800.000;Pendiente;Consultoría;Fisica;Responsable 1
27/05/2024;NT00653;NIT0000000061;McDonald's;COP;26/06/2022;FAC-11;PED-4761;$ 120.000.000;Pendiente;Consultoría;Fisica;Responsable 1
21/02/2024;NT00654;NIT0000000062;Bain;COP;26/10/2023;FAC-11;PED-4762;$ 140.000.000;Pendiente;Servicios;Fisica;Responsable 1
15/02/2023;NT00655;NIT0000000063;Procter & Gamble;COP;17/08/2025;FAC-11;PED-4763;$ 14.400.000;Pendiente;Alimentación;Fisica;Responsable 1
5/05/2024;NT00656;NIT0000000064;Securitas;COP;7/03/2022;FAC-11;PED-4764;$ 8.700.000;Pendiente;Servicios Públicos;Fisica;Responsable 1
9/09/2023;NT00657;NIT0000000065;Crepes & Waffles;COP;7/08/2023;FAC-11;PED-4765;$ 22.500.000;Pendiente;Consultoría;Fisica;Responsable 1
14/07/2022;NT00658;NIT0000000066;SAP;COP;1/12/2023;FAC-11;PED-4766;$ 240.000.000;Pendiente;Tecnologia;Fisica;Responsable 1
30/04/2022;NT00659;NIT0000000067;Mitie;COP;23/06/2023;FAC-11;PED-4767;$ 7.500.000;Pendiente;Servicios Públicos;Fisica;Responsable 1
27/10/2023;NT00660;NIT0000000068;EY;COP;5/11/2025;FAC-11;PED-4768;$ 35.000.000;Pendiente;Servicios;Fisica;Responsable 1
28/11/2023;NT00661;NIT0000000069;BCG;COP;14/02/2025;FAC-11;PED-4769;$ 145.000.000;Pendiente;Servicios;Fisica;Responsable 1
29/08/2022;NT00662;NIT0000000070;Google;COP;14/05/2022;FAC-11;PED-4770;$ 15.000.000;Pendiente;Tecnologia;Fisica;Responsable 1
25/10/2024;NT00663;NIT0000000001;ABM;COP;7/06/2025;FAC-12;PED-4771;$ 6.200.000;Pagada;Servicios Públicos;Electronica;Responsable 2
26/07/2025;NT00664;NIT0000000002;Subway;COP;12/12/2024;FAC-12;PED-4772;$ 18.000.000;Pagada;Consultoría;Electronica;Responsable 2
7/01/2024;NT00665;NIT0000000003;Sodexo;COP;19/01/2024;FAC-12;PED-4773;$ 11.000.000;Pagada;Servicios Públicos;Electronica;Responsable 2
28/11/2025;NT00666;NIT0000000005;ISS;COP;9/03/2024;FAC-12;PED-4775;$ 9.800.000;Pagada;Servicios Públicos;Electronica;Responsable 2
6/03/2022;NT00667;NIT0000000006;Rentokil;COP;14/03/2023;FAC-12;PED-4776;$ 1.200.000;Pagada;Servicios Públicos;Electronica;Responsable 2
16/06/2022;NT00668;NIT0000000008;IBM;COP;31/08/2022;FAC-12;PED-4778;$ 50.000.000;Pagada;Tecnologia;Electronica;Responsable 2
17/10/2023;NT00669;NIT0000000009;Oma;COP;22/02/2024;FAC-12;PED-4779;$ 6.400.000;Pagada;Consultoría;Electronica;Responsable 2
19/06/2023;NT00670;NIT0000000010;Deloitte;COP;20/10/2025;FAC-12;PED-4780;$ 40.000.000;Pagada;Servicios;Electronica;Responsable 2
25/02/2022;NT00671;NIT0000000011;Apple;COP;3/11/2022;FAC-12;PED-4781;$ 45.000.000;Pagada;Tecnologia;Electronica;Responsable 2
17/10/2023;NT00672;NIT0000000012;Intel;COP;2/11/2022;FAC-12;PED-4782;$ 32.000.000;Pagada;Tecnologia;Electronica;Responsable 2
19/04/2022;NT00673;NIT0000000013;General Mills;COP;27/02/2025;FAC-12;PED-4783;$ 13.000.000;Pagada;Alimentación;Electronica;Responsable 2
22/01/2023;NT00674;NIT0000000014;Unilever;COP;8/02/2023;FAC-12;PED-4784;$ 16.400.000;Pagada;Alimentación;Electronica;Responsable 2
29/12/2025;NT00675;NIT0000000015;Dunkin Donuts;COP;21/05/2024;FAC-12;PED-4785;$ 35.000.000;Pagada;Consultoría;Electronica;Responsable 2
20/11/2025;NT00676;NIT0000000017;Aramark;COP;16/08/2022;FAC-12;PED-4787;$ 12.000.000;Pagada;Servicios Públicos;Electronica;Responsable 2
19/07/2022;NT00677;NIT0000000018;E.ON;COP;23/12/2023;FAC-12;PED-4788;$ 18.000.000;Pagada;Energía;Electronica;Responsable 2
30/12/2022;NT00678;NIT0000000020;Iberdrola;COP;28/09/2022;FAC-12;PED-4790;$ 17.500.000;Pagada;Energía;Electronica;Responsable 2
26/09/2024;NT00679;NIT0000000021;Engie;COP;28/07/2025;FAC-12;PED-4791;$ 22.000.000;Pagada;Energía;Electronica;Responsable 2
13/12/2023;NT00680;NIT0000000023;TCS;COP;18/11/2025;FAC-12;PED-4793;$ 120.000.000;Pagada;Servicios;Electronica;Responsable 2
18/10/2025;NT00681;NIT0000000024;PepsiCo;COP;21/07/2022;FAC-12;PED-4794;$ 14.000.000;Pagada;Alimentación;Electronica;Responsable 2
1/07/2022;NT00682;NIT0000000025;PwC;COP;6/02/2022;FAC-12;PED-4795;$ 28.000.000;Pagada;Servicios;Electronica;Responsable 2
13/09/2022;NT00683;NIT0000000027;Duke Energy;COP;10/12/2023;FAC-12;PED-4797;$ 21.500.000;Pagada;Energía;Electronica;Responsable 2
25/06/2024;NT00684;NIT0000000028;McKinsey;COP;29/12/2022;FAC-12;PED-4798;$ 150.000.000;Pagada;Servicios;Electronica;Responsable 2
20/07/2022;NT00685;NIT0000000029;Danone;COP;5/12/2024;FAC-12;PED-4799;$ 23.200.000;Pagada;Alimentación;Electronica;Responsable 2
22/01/2022;NT00686;NIT0000000030;Facebook;COP;20/09/2023;FAC-12;PED-4800;$ 5.000.000;Pagada;Tecnologia;Electronica;Responsable 2
15/04/2025;NT00687;NIT0000000031;Microsoft;COP;13/05/2024;FAC-12;PED-4801;$ 36.000.000;Pagada;Tecnologia;Electronica;Responsable 2
7/03/2023;NT00688;NIT0000000032;Enel;COP;28/03/2024;FAC-12;PED-4802;$ 20.000.000;Pagada;Energía;Electronica;Responsable 2
26/11/2022;NT00689;NIT0000000033;Coca-Cola;COP;14/12/2025;FAC-12;PED-4803;$ 36.000.000;Pagada;Alimentación;Electronica;Responsable 2
9/09/2024;NT00690;NIT0000000035;Kellogg;COP;25/02/2024;FAC-12;PED-4805;$ 25.200.000;Pagada;Alimentación;Electronica;Responsable 2
6/01/2024;NT00691;NIT0000000036;Southern Company;COP;30/08/2024;FAC-12;PED-4806;$ 19.800.000;Pagada;Energía;Electronica;Responsable 2
25/02/2022;NT00692;NIT0000000037;Kraft Heinz;COP;24/08/2024;FAC-12;PED-4807;$ 18.000.000;Pagada;Alimentación;Electronica;Responsable 2
13/04/2025;NT00693;NIT0000000038;G4S;COP;27/05/2023;FAC-12;PED-4808;$ 8.500.000;Pagada;Servicios Públicos;Electronica;Responsable 2
10/05/2025;NT00694;NIT0000000040;RWE;COP;20/12/2024;FAC-12;PED-4810;$ 19.000.000;Pagada;Energía;Electronica;Responsable 2
22/06/2025;NT00695;NIT0000000041;Juan Valdez;COP;16/12/2025;FAC-12;PED-4811;$ 8.400.000;Pagada;Consultoría;Electronica;Responsable 2
11/12/2025;NT00696;NIT0000000042;Compass Group;COP;23/07/2025;FAC-12;PED-4812;$ 10.500.000;Pagada;Servicios Públicos;Electronica;Responsable 2
18/11/2023;NT00697;NIT0000000043;Serco;COP;17/02/2024;FAC-12;PED-4813;$ 9.000.000;Pagada;Servicios Públicos;Electronica;Responsable 2
3/08/2022;NT00698;NIT0000000045;NextEra Energy;COP;14/01/2025;FAC-12;PED-4815;$ 23.000.000;Pagada;Energía;Electronica;Responsable 2
3/04/2022;NT00699;NIT0000000046;Exelon;COP;3/12/2025;FAC-12;PED-4816;$ 18.700.000;Pagada;Energía;Electronica;Responsable 2
3/05/2024;NT00700;NIT0000000047;EDF;COP;9/02/2022;FAC-12;PED-4817;$ 19.200.000;Pagada;Energía;Electronica;Responsable 2
29/07/2025;NT00701;NIT0000000048;Oracle;COP;15/11/2022;FAC-12;PED-4818;$ 80.000.000;Pagada;Tecnologia;Electronica;Responsable 2
7/07/2023;NT00702;NIT0000000049;Starbucks;COP;16/01/2025;FAC-12;PED-4819;$ 5.500.000;Pagada;Consultoría;Electronica;Responsable 2
11/08/2023;NT00703;NIT0000000050;Accenture;COP;14/10/2024;FAC-12;PED-4820;$ 95.000.000;Pagada;Servicios;Electronica;Responsable 2
14/08/2022;NT00704;NIT0000000051;Mondelez;COP;29/11/2023;FAC-12;PED-4821;$ 27.600.000;Pagada;Alimentación;Electronica;Responsable 2
26/12/2025;NT00705;NIT0000000052;KPMG;COP;11/12/2023;FAC-12;PED-4822;$ 30.000.000;Pagada;Servicios;Electronica;Responsable 2
7/03/2025;NT00706;NIT0000000053;Cisco;COP;9/10/2022;FAC-12;PED-4823;$ 35.000.000;Pagada;Tecnologia;Electronica;Responsable 2
25/02/2025;NT00707;NIT0000000056;Burger King;COP;2/01/2025;FAC-12;PED-4826;$ 90.000.000;Pagada;Consultoría;Electronica;Responsable 2
7/05/2023;NT00708;NIT0000000057;KFC;COP;10/03/2023;FAC-12;PED-4827;$ 38.000.000;Pagada;Consultoría;Electronica;Responsable 2
17/06/2025;NT00709;NIT0000000058;Capgemini;COP;18/01/2024;FAC-12;PED-4828;$ 80.000.000;Pagada;Servicios;Electronica;Responsable 2
21/10/2025;NT00710;NIT0000000059;Amazon;COP;29/11/2025;FAC-12;PED-4829;$ 22.000.000;Pagada;Tecnologia;Electronica;Responsable 2
5/06/2025;NT00711;NIT0000000060;Tostao;COP;17/09/2025;FAC-12;PED-4830;$ 7.600.000;Pagada;Consultoría;Electronica;Responsable 2
23/09/2025;NT00712;NIT0000000061;McDonald's;COP;16/12/2022;FAC-12;PED-4831;$ 60.000.000;Pagada;Consultoría;Electronica;Responsable 2
30/11/2023;NT00713;NIT0000000062;Bain;COP;2/01/2025;FAC-12;PED-4832;$ 70.000.000;Pagada;Servicios;Electronica;Responsable 2
8/01/2024;NT00714;NIT0000000063;Procter & Gamble;COP;9/02/2025;FAC-12;PED-4833;$ 28.800.000;Pagada;Alimentación;Electronica;Responsable 2
12/11/2022;NT00715;NIT0000000064;Securitas;COP;7/02/2024;FAC-12;PED-4834;$ 8.700.000;Pagada;Servicios Públicos;Electronica;Responsable 2
26/07/2023;NT00716;NIT0000000065;Crepes & Waffles;COP;9/06/2024;FAC-12;PED-4835;$ 15.000.000;Pagada;Consultoría;Electronica;Responsable 2
18/12/2022;NT00717;NIT0000000066;SAP;COP;30/11/2024;FAC-12;PED-4836;$ 120.000.000;Pagada;Tecnologia;Electronica;Responsable 2
15/10/2022;NT00718;NIT0000000067;Mitie;COP;8/04/2023;FAC-12;PED-4837;$ 7.500.000;Pagada;Servicios Públicos;Electronica;Responsable 2
20/07/2023;NT00719;NIT0000000068;EY;COP;16/11/2024;FAC-12;PED-4838;$ 35.000.000;Pagada;Servicios;Electronica;Responsable 2
10/07/2022;NT00720;NIT0000000069;BCG;COP;21/02/2025;FAC-12;PED-4839;$ 145.000.000;Pagada;Servicios;Electronica;Responsable 2
6/01/2023;NT00721;NIT0000000070;Google;COP;3/12/2022;FAC-12;PED-4840;$ 15.000.000;Pagada;Tecnologia;Electronica;Responsable 2
19/12/2022;NT00722;NIT0000000001;ABM;COP;26/01/2023;FAC-13;PED-4841;$ 6.200.000;Pendiente;Servicios Públicos;Fisica;Responsable 3
19/08/2022;NT00723;NIT0000000002;Subway;COP;22/01/2023;FAC-13;PED-4842;$ 9.000.000;Pendiente;Consultoría;Fisica;Responsable 3
18/05/2024;NT00724;NIT0000000003;Sodexo;COP;17/03/2025;FAC-13;PED-4843;$ 11.000.000;Pendiente;Servicios Públicos;Fisica;Responsable 3
5/06/2023;NT00725;NIT0000000005;ISS;COP;13/10/2023;FAC-13;PED-4845;$ 9.800.000;Pendiente;Servicios Públicos;Fisica;Responsable 3
6/12/2024;NT00726;NIT0000000006;Rentokil;COP;6/05/2024;FAC-13;PED-4846;$ 1.200.000;Pendiente;Servicios Públicos;Fisica;Responsable 3
4/10/2023;NT00727;NIT0000000008;IBM;COP;11/10/2025;FAC-13;PED-4848;$ 50.000.000;Pendiente;Tecnologia;Fisica;Responsable 3
19/09/2025;NT00728;NIT0000000009;Oma;COP;28/06/2022;FAC-13;PED-4849;$ 6.400.000;Pendiente;Consultoría;Fisica;Responsable 3
15/03/2024;NT00729;NIT0000000010;Deloitte;COP;6/09/2024;FAC-13;PED-4850;$ 40.000.000;Pendiente;Servicios;Fisica;Responsable 3
16/08/2025;NT00730;NIT0000000011;Apple;COP;1/12/2022;FAC-13;PED-4851;$ 45.000.000;Pendiente;Tecnologia;Fisica;Responsable 3
29/04/2025;NT00731;NIT0000000012;Intel;COP;31/12/2023;FAC-13;PED-4852;$ 32.000.000;Pendiente;Tecnologia;Fisica;Responsable 3
17/09/2023;NT00732;NIT0000000013;General Mills;COP;14/06/2025;FAC-13;PED-4853;$ 32.500.000;Pendiente;Alimentación;Fisica;Responsable 3
24/03/2023;NT00733;NIT0000000014;Unilever;COP;14/11/2024;FAC-13;PED-4854;$ 41.000.000;Pendiente;Alimentación;Fisica;Responsable 3
26/09/2022;NT00734;NIT0000000015;Dunkin Donuts;COP;29/08/2022;FAC-13;PED-4855;$ 35.000.000;Pendiente;Consultoría;Fisica;Responsable 3
1/03/2022;NT00735;NIT0000000017;Aramark;COP;14/08/2024;FAC-13;PED-4857;$ 12.000.000;Pendiente;Servicios Públicos;Fisica;Responsable 3
28/05/2023;NT00736;NIT0000000018;E.ON;COP;22/04/2023;FAC-13;PED-4858;$ 18.000.000;Pendiente;Energía;Fisica;Responsable 3
22/02/2024;NT00737;NIT0000000020;Iberdrola;COP;15/09/2025;FAC-13;PED-4860;$ 17.500.000;Pendiente;Energía;Fisica;Responsable 3
29/11/2022;NT00738;NIT0000000021;Engie;COP;24/06/2024;FAC-13;PED-4861;$ 22.000.000;Pendiente;Energía;Fisica;Responsable 3
14/03/2025;NT00739;NIT0000000023;TCS;COP;2/08/2024;FAC-13;PED-4863;$ 120.000.000;Pendiente;Servicios;Fisica;Responsable 3
21/02/2022;NT00740;NIT0000000024;PepsiCo;COP;16/04/2023;FAC-13;PED-4864;$ 35.000.000;Pendiente;Alimentación;Fisica;Responsable 3
1/02/2023;NT00741;NIT0000000025;PwC;COP;20/05/2022;FAC-13;PED-4865;$ 28.000.000;Pendiente;Servicios;Fisica;Responsable 3
26/12/2023;NT00742;NIT0000000027;Duke Energy;COP;24/11/2025;FAC-13;PED-4867;$ 21.500.000;Pendiente;Energía;Fisica;Responsable 3
3/09/2024;NT00743;NIT0000000028;McKinsey;COP;2/09/2023;FAC-13;PED-4868;$ 150.000.000;Pendiente;Servicios;Fisica;Responsable 3
22/10/2023;NT00744;NIT0000000029;Danone;COP;21/04/2025;FAC-13;PED-4869;$ 5.800.000;Pendiente;Alimentación;Fisica;Responsable 3
24/09/2022;NT00745;NIT0000000030;Facebook;COP;4/08/2024;FAC-13;PED-4870;$ 5.000.000;Pendiente;Tecnologia;Fisica;Responsable 3
10/01/2023;NT00746;NIT0000000031;Microsoft;COP;29/02/2024;FAC-13;PED-4871;$ 36.000.000;Pendiente;Tecnologia;Fisica;Responsable 3
1/07/2022;NT00747;NIT0000000032;Enel;COP;9/08/2025;FAC-13;PED-4872;$ 20.000.000;Pendiente;Energía;Fisica;Responsable 3
31/12/2023;NT00748;NIT0000000033;Coca-Cola;COP;9/02/2025;FAC-13;PED-4873;$ 9.000.000;Pendiente;Alimentación;Fisica;Responsable 3
16/08/2022;NT00749;NIT0000000035;Kellogg;COP;17/03/2024;FAC-13;PED-4875;$ 12.600.000;Pendiente;Alimentación;Fisica;Responsable 3
21/12/2022;NT00750;NIT0000000036;Southern Company;COP;11/12/2025;FAC-13;PED-4876;$ 19.800.000;Pendiente;Energía;Fisica;Responsable 3
7/08/2024;NT00751;NIT0000000037;Kraft Heinz;COP;9/05/2023;FAC-13;PED-4877;$ 9.000.000;Pendiente;Alimentación;Fisica;Responsable 3
15/10/2024;NT00752;NIT0000000038;G4S;COP;14/07/2024;FAC-13;PED-4878;$ 8.500.000;Pendiente;Servicios Públicos;Fisica;Responsable 3
13/09/2023;NT00753;NIT0000000040;RWE;COP;14/11/2024;FAC-13;PED-4880;$ 19.000.000;Pendiente;Energía;Fisica;Responsable 3
2/12/2025;NT00754;NIT0000000041;Juan Valdez;COP;22/01/2025;FAC-13;PED-4881;$ 8.400.000;Pendiente;Consultoría;Fisica;Responsable 3
13/12/2024;NT00755;NIT0000000042;Compass Group;COP;9/01/2024;FAC-13;PED-4882;$ 10.500.000;Pendiente;Servicios Públicos;Fisica;Responsable 3
18/06/2022;NT00756;NIT0000000043;Serco;COP;20/05/2023;FAC-13;PED-4883;$ 9.000.000;Pendiente;Servicios Públicos;Fisica;Responsable 3
24/07/2025;NT00757;NIT0000000045;NextEra Energy;COP;14/05/2023;FAC-13;PED-4885;$ 23.000.000;Pendiente;Energía;Fisica;Responsable 3
27/12/2022;NT00758;NIT0000000046;Exelon;COP;10/01/2024;FAC-13;PED-4886;$ 18.700.000;Pendiente;Energía;Fisica;Responsable 3
13/06/2022;NT00759;NIT0000000047;EDF;COP;8/12/2023;FAC-13;PED-4887;$ 19.200.000;Pendiente;Energía;Fisica;Responsable 3
24/06/2023;NT00760;NIT0000000048;Oracle;COP;15/11/2024;FAC-13;PED-4888;$ 80.000.000;Pendiente;Tecnologia;Fisica;Responsable 3
19/12/2024;NT00761;NIT0000000049;Starbucks;COP;4/09/2024;FAC-13;PED-4889;$ 5.500.000;Pendiente;Consultoría;Fisica;Responsable 3
27/10/2025;NT00762;NIT0000000050;Accenture;COP;10/07/2024;FAC-13;PED-4890;$ 95.000.000;Pendiente;Servicios;Fisica;Responsable 3
22/05/2023;NT00763;NIT0000000051;Mondelez;COP;6/01/2023;FAC-13;PED-4891;$ 13.800.000;Pendiente;Alimentación;Fisica;Responsable 3
31/08/2023;NT00764;NIT0000000052;KPMG;COP;27/05/2024;FAC-13;PED-4892;$ 30.000.000;Pendiente;Servicios;Fisica;Responsable 3
16/04/2025;NT00765;NIT0000000053;Cisco;COP;13/10/2024;FAC-13;PED-4893;$ 35.000.000;Pendiente;Tecnologia;Fisica;Responsable 3
16/11/2022;NT00766;NIT0000000056;Burger King;COP;3/03/2022;FAC-13;PED-4896;$ 90.000.000;Pendiente;Consultoría;Fisica;Responsable 3
7/07/2022;NT00767;NIT0000000057;KFC;COP;5/09/2023;FAC-13;PED-4897;$ 38.000.000;Pendiente;Consultoría;Fisica;Responsable 3
7/09/2023;NT00768;NIT0000000058;Capgemini;COP;6/01/2025;FAC-13;PED-4898;$ 80.000.000;Pendiente;Servicios;Fisica;Responsable 3
18/04/2024;NT00769;NIT0000000059;Amazon;COP;3/12/2024;FAC-13;PED-4899;$ 22.000.000;Pendiente;Tecnologia;Fisica;Responsable 3
24/06/2025;NT00770;NIT0000000060;Tostao;COP;16/05/2022;FAC-13;PED-4900;$ 7.600.000;Pendiente;Consultoría;Fisica;Responsable 3
25/05/2024;NT00771;NIT0000000061;McDonald's;COP;16/06/2024;FAC-13;PED-4901;$ 60.000.000;Pendiente;Consultoría;Fisica;Responsable 3
11/05/2024;NT00772;NIT0000000062;Bain;COP;10/12/2022;FAC-13;PED-4902;$ 70.000.000;Pendiente;Servicios;Fisica;Responsable 3
12/02/2023;NT00773;NIT0000000063;Procter & Gamble;COP;10/04/2023;FAC-13;PED-4903;$ 14.400.000;Pendiente;Alimentación;Fisica;Responsable 3
5/08/2025;NT00774;NIT0000000064;Securitas;COP;1/07/2025;FAC-13;PED-4904;$ 8.700.000;Pendiente;Servicios Públicos;Fisica;Responsable 3
5/02/2025;NT00775;NIT0000000065;Crepes & Waffles;COP;23/12/2022;FAC-13;PED-4905;$ 15.000.000;Pendiente;Consultoría;Fisica;Responsable 3
9/08/2022;NT00776;NIT0000000066;SAP;COP;28/01/2025;FAC-13;PED-4906;$ 240.000.000;Pendiente;Tecnologia;Fisica;Responsable 3
28/07/2022;NT00777;NIT0000000067;Mitie;COP;14/05/2023;FAC-13;PED-4907;$ 7.500.000;Pendiente;Servicios Públicos;Fisica;Responsable 3
14/10/2022;NT00778;NIT0000000068;EY;COP;17/09/2023;FAC-13;PED-4908;$ 35.000.000;Pendiente;Servicios;Fisica;Responsable 3
3/12/2022;NT00779;NIT0000000069;BCG;COP;18/11/2023;FAC-13;PED-4909;$ 145.000.000;Pendiente;Servicios;Fisica;Responsable 3
3/01/2022;NT00780;NIT0000000070;Google;COP;16/08/2025;FAC-13;PED-4910;$ 15.000.000;Pendiente;Tecnologia;Fisica;Responsable 3
28/06/2023;NT00781;NIT0000000001;ABM;COP;3/04/2022;FAC-14;PED-4911;$ 6.200.000;Pagada;Servicios Públicos;Electronica;Responsable 4
10/12/2023;NT00782;NIT0000000002;Subway;COP;26/02/2024;FAC-14;PED-4912;$ 9.000.000;Pagada;Consultoría;Electronica;Responsable 4
15/02/2025;NT00783;NIT0000000003;Sodexo;COP;29/12/2023;FAC-14;PED-4913;$ 11.000.000;Pagada;Servicios Públicos;Electronica;Responsable 4
14/11/2024;NT00784;NIT0000000005;ISS;COP;15/10/2025;FAC-14;PED-4915;$ 9.800.000;Pagada;Servicios Públicos;Electronica;Responsable 4
13/12/2025;NT00785;NIT0000000006;Rentokil;COP;11/04/2025;FAC-14;PED-4916;$ 1.200.000;Pagada;Servicios Públicos;Electronica;Responsable 4
17/07/2023;NT00786;NIT0000000008;IBM;COP;3/09/2025;FAC-14;PED-4918;$ 50.000.000;Pagada;Tecnologia;Electronica;Responsable 4
15/02/2024;NT00787;NIT0000000009;Oma;COP;13/04/2022;FAC-14;PED-4919;$ 6.400.000;Pagada;Consultoría;Electronica;Responsable 4
5/12/2025;NT00788;NIT0000000010;Deloitte;COP;5/04/2023;FAC-14;PED-4920;$ 40.000.000;Pagada;Servicios;Electronica;Responsable 4
20/05/2022;NT00789;NIT0000000011;Apple;COP;8/04/2024;FAC-14;PED-4921;$ 45.000.000;Pagada;Tecnologia;Electronica;Responsable 4
4/04/2024;NT00790;NIT0000000012;Intel;COP;11/12/2024;FAC-14;PED-4922;$ 32.000.000;Pagada;Tecnologia;Electronica;Responsable 4
12/12/2022;NT00791;NIT0000000013;General Mills;COP;21/04/2024;FAC-14;PED-4923;$ 13.000.000;Pagada;Alimentación;Electronica;Responsable 4
6/05/2022;NT00792;NIT0000000014;Unilever;COP;25/06/2022;FAC-14;PED-4924;$ 16.400.000;Pagada;Alimentación;Electronica;Responsable 4
23/12/2023;NT00793;NIT0000000015;Dunkin Donuts;COP;14/09/2023;FAC-14;PED-4925;$ 35.000.000;Pagada;Consultoría;Electronica;Responsable 4
19/03/2022;NT00794;NIT0000000017;Aramark;COP;18/09/2022;FAC-14;PED-4927;$ 12.000.000;Pagada;Servicios Públicos;Electronica;Responsable 4
24/04/2023;NT00795;NIT0000000020;Iberdrola;COP;3/04/2024;FAC-14;PED-4930;$ 17.500.000;Pagada;Energía;Electronica;Responsable 4
20/08/2022;NT00796;NIT0000000021;Engie;COP;7/05/2024;FAC-14;PED-4931;$ 22.000.000;Pagada;Energía;Electronica;Responsable 4
6/09/2023;NT00797;NIT0000000023;TCS;COP;26/11/2023;FAC-14;PED-4933;$ 120.000.000;Pagada;Servicios;Electronica;Responsable 4
22/08/2024;NT00798;NIT0000000024;PepsiCo;COP;25/04/2023;FAC-14;PED-4934;$ 7.000.000;Pagada;Alimentación;Electronica;Responsable 4
24/04/2025;NT00799;NIT0000000025;PwC;COP;25/04/2025;FAC-14;PED-4935;$ 28.000.000;Pagada;Servicios;Electronica;Responsable 4
24/01/2022;NT00800;NIT0000000027;Duke Energy;COP;3/09/2022;FAC-14;PED-4937;$ 21.500.000;Pagada;Energía;Electronica;Responsable 4
6/07/2022;NT00801;NIT0000000028;McKinsey;COP;24/09/2025;FAC-14;PED-4938;$ 150.000.000;Pagada;Servicios;Electronica;Responsable 4
30/06/2023;NT00802;NIT0000000029;Danone;COP;29/12/2023;FAC-14;PED-4939;$ 5.800.000;Pagada;Alimentación;Electronica;Responsable 4
5/11/2024;NT00803;NIT0000000030;Facebook;COP;10/06/2022;FAC-14;PED-4940;$ 5.000.000;Pagada;Tecnologia;Electronica;Responsable 4
28/05/2024;NT00804;NIT0000000031;Microsoft;COP;16/12/2024;FAC-14;PED-4941;$ 36.000.000;Pagada;Tecnologia;Electronica;Responsable 4
19/09/2022;NT00805;NIT0000000032;Enel;COP;5/11/2025;FAC-14;PED-4942;$ 20.000.000;Pagada;Energía;Electronica;Responsable 4
12/08/2024;NT00806;NIT0000000033;Coca-Cola;COP;12/03/2025;FAC-14;PED-4943;$ 9.000.000;Pagada;Alimentación;Electronica;Responsable 4
10/11/2024;NT00807;NIT0000000035;Kellogg;COP;4/12/2022;FAC-14;PED-4945;$ 6.300.000;Pagada;Alimentación;Electronica;Responsable 4
25/02/2025;NT00808;NIT0000000036;Southern Company;COP;20/03/2025;FAC-14;PED-4946;$ 19.800.000;Pagada;Energía;Electronica;Responsable 4
30/08/2022;NT00809;NIT0000000037;Kraft Heinz;COP;25/04/2025;FAC-14;PED-4947;$ 4.500.000;Pagada;Alimentación;Electronica;Responsable 4
18/02/2025;NT00810;NIT0000000038;G4S;COP;12/11/2024;FAC-14;PED-4948;$ 8.500.000;Pagada;Servicios Públicos;Electronica;Responsable 4
16/12/2023;NT00811;NIT0000000040;RWE;COP;21/04/2022;FAC-14;PED-4950;$ 19.000.000;Pagada;Energía;Electronica;Responsable 4
10/10/2022;NT00812;NIT0000000041;Juan Valdez;COP;15/07/2023;FAC-14;PED-4951;$ 8.400.000;Pagada;Consultoría;Electronica;Responsable 4
4/06/2025;NT00813;NIT0000000042;Compass Group;COP;14/12/2024;FAC-14;PED-4952;$ 10.500.000;Pagada;Servicios Públicos;Electronica;Responsable 4
24/08/2024;NT00814;NIT0000000043;Serco;COP;19/11/2025;FAC-14;PED-4953;$ 9.000.000;Pagada;Servicios Públicos;Electronica;Responsable 4
20/01/2022;NT00815;NIT0000000045;NextEra Energy;COP;12/12/2025;FAC-14;PED-4955;$ 23.000.000;Pagada;Energía;Electronica;Responsable 4
4/10/2025;NT00816;NIT0000000046;Exelon;COP;20/12/2025;FAC-14;PED-4956;$ 18.700.000;Pagada;Energía;Electronica;Responsable 4
9/06/2025;NT00817;NIT0000000047;EDF;COP;6/02/2025;FAC-14;PED-4957;$ 19.200.000;Pagada;Energía;Electronica;Responsable 4
7/06/2023;NT00818;NIT0000000048;Oracle;COP;30/09/2025;FAC-14;PED-4958;$ 80.000.000;Pagada;Tecnologia;Electronica;Responsable 4
6/12/2025;NT00819;NIT0000000049;Starbucks;COP;13/03/2025;FAC-14;PED-4959;$ 5.500.000;Pagada;Consultoría;Electronica;Responsable 4
18/11/2023;NT00820;NIT0000000050;Accenture;COP;2/09/2022;FAC-14;PED-4960;$ 95.000.000;Pagada;Servicios;Electronica;Responsable 4
27/08/2022;NT00821;NIT0000000051;Mondelez;COP;22/04/2025;FAC-14;PED-4961;$ 6.900.000;Pagada;Alimentación;Electronica;Responsable 4
19/01/2023;NT00822;NIT0000000052;KPMG;COP;28/09/2023;FAC-14;PED-4962;$ 30.000.000;Pagada;Servicios;Electronica;Responsable 4
14/08/2025;NT00823;NIT0000000053;Cisco;COP;29/05/2023;FAC-14;PED-4963;$ 35.000.000;Pagada;Tecnologia;Electronica;Responsable 4
13/12/2023;NT00824;NIT0000000056;Burger King;COP;29/12/2023;FAC-14;PED-4966;$ 90.000.000;Pagada;Consultoría;Electronica;Responsable 4
17/06/2022;NT00825;NIT0000000057;KFC;COP;12/02/2025;FAC-14;PED-4967;$ 38.000.000;Pagada;Consultoría;Electronica;Responsable 4
23/12/2022;NT00826;NIT0000000058;Capgemini;COP;23/03/2025;FAC-14;PED-4968;$ 80.000.000;Pagada;Servicios;Electronica;Responsable 4
28/06/2024;NT00827;NIT0000000059;Amazon;COP;5/11/2024;FAC-14;PED-4969;$ 22.000.000;Pagada;Tecnologia;Electronica;Responsable 4
24/11/2025;NT00828;NIT0000000060;Tostao;COP;10/07/2025;FAC-14;PED-4970;$ 7.600.000;Pagada;Consultoría;Electronica;Responsable 4
22/07/2023;NT00829;NIT0000000061;McDonald's;COP;23/04/2022;FAC-14;PED-4971;$ 60.000.000;Pagada;Consultoría;Electronica;Responsable 4
29/06/2022;NT00830;NIT0000000062;Bain;COP;10/01/2022;FAC-14;PED-4972;$ 140.000.000;Pagada;Servicios;Electronica;Responsable 4
4/02/2022;NT00831;NIT0000000063;Procter & Gamble;COP;25/08/2023;FAC-14;PED-4973;$ 14.400.000;Pagada;Alimentación;Electronica;Responsable 4
30/09/2022;NT00832;NIT0000000064;Securitas;COP;8/01/2022;FAC-14;PED-4974;$ 8.700.000;Pagada;Servicios Públicos;Electronica;Responsable 4
15/05/2025;NT00833;NIT0000000065;Crepes & Waffles;COP;5/10/2024;FAC-14;PED-4975;$ 7.500.000;Pagada;Consultoría;Electronica;Responsable 4
26/07/2022;NT00834;NIT0000000066;SAP;COP;16/05/2022;FAC-14;PED-4976;$ 240.000.000;Pagada;Tecnologia;Electronica;Responsable 4
5/10/2025;NT00835;NIT0000000067;Mitie;COP;3/10/2023;FAC-14;PED-4977;$ 7.500.000;Pagada;Servicios Públicos;Electronica;Responsable 4
27/10/2023;NT00836;NIT0000000068;EY;COP;6/11/2023;FAC-14;PED-4978;$ 35.000.000;Pagada;Servicios;Electronica;Responsable 4
12/10/2022;NT00837;NIT0000000069;BCG;COP;10/01/2022;FAC-14;PED-4979;$ 145.000.000;Pagada;Servicios;Electronica;Responsable 4
18/01/2022;NT00838;NIT0000000070;Google;COP;2/05/2022;FAC-14;PED-4980;$ 15.000.000;Pagada;Tecnologia;Electronica;Responsable 4
10/05/2024;NT00839;NIT0000000001;ABM;COP;10/02/2024;FAC-15;PED-4981;$ 6.200.000;Pendiente;Servicios Públicos;Fisica;Responsable 5
10/03/2023;NT00840;NIT0000000002;Subway;COP;13/11/2025;FAC-15;PED-4982;$ 9.000.000;Pendiente;Consultoría;Fisica;Responsable 5
25/07/2024;NT00841;NIT0000000003;Sodexo;COP;7/12/2023;FAC-15;PED-4983;$ 11.000.000;Pendiente;Servicios Públicos;Fisica;Responsable 5
23/02/2022;NT00842;NIT0000000005;ISS;COP;27/12/2024;FAC-15;PED-4985;$ 9.800.000;Pendiente;Servicios Públicos;Fisica;Responsable 5
28/04/2024;NT00843;NIT0000000006;Rentokil;COP;13/12/2022;FAC-15;PED-4986;$ 1.200.000;Pendiente;Servicios Públicos;Fisica;Responsable 5
9/09/2024;NT00844;NIT0000000008;IBM;COP;21/05/2025;FAC-15;PED-4988;$ 50.000.000;Pendiente;Tecnologia;Fisica;Responsable 5
12/05/2023;NT00845;NIT0000000009;Oma;COP;8/05/2023;FAC-15;PED-4989;$ 3.200.000;Pendiente;Consultoría;Fisica;Responsable 5
29/01/2023;NT00846;NIT0000000010;Deloitte;COP;2/11/2022;FAC-15;PED-4990;$ 40.000.000;Pendiente;Servicios;Fisica;Responsable 5
9/05/2024;NT00847;NIT0000000011;Apple;COP;12/01/2024;FAC-15;PED-4991;$ 45.000.000;Pendiente;Tecnologia;Fisica;Responsable 5
5/09/2022;NT00848;NIT0000000012;Intel;COP;8/11/2023;FAC-15;PED-4992;$ 32.000.000;Pendiente;Tecnologia;Fisica;Responsable 5
22/10/2022;NT00849;NIT0000000013;General Mills;COP;25/05/2023;FAC-15;PED-4993;$ 13.000.000;Pendiente;Alimentación;Fisica;Responsable 5
16/03/2024;NT00850;NIT0000000014;Unilever;COP;10/12/2022;FAC-15;PED-4994;$ 16.400.000;Pendiente;Alimentación;Fisica;Responsable 5
17/10/2022;NT00851;NIT0000000015;Dunkin Donuts;COP;7/04/2022;FAC-15;PED-4995;$ 35.000.000;Pendiente;Consultoría;Fisica;Responsable 5
3/11/2025;NT00852;NIT0000000017;Aramark;COP;11/02/2022;FAC-15;PED-4997;$ 12.000.000;Pendiente;Servicios Públicos;Fisica;Responsable 5
1/04/2024;NT00853;NIT0000000018;E.ON;COP;16/11/2022;FAC-15;PED-4998;$ 18.000.000;Pendiente;Energía;Fisica;Responsable 5
12/01/2024;NT00854;NIT0000000020;Iberdrola;COP;17/07/2024;FAC-15;PED-5000;$ 17.500.000;Pendiente;Energía;Fisica;Responsable 5
29/06/2023;NT00855;NIT0000000021;Engie;COP;21/10/2023;FAC-15;PED-5001;$ 22.000.000;Pendiente;Energía;Fisica;Responsable 5
25/02/2025;NT00856;NIT0000000023;TCS;COP;14/06/2022;FAC-15;PED-5003;$ 120.000.000;Pendiente;Servicios;Fisica;Responsable 5
6/01/2024;NT00857;NIT0000000024;PepsiCo;COP;17/05/2022;FAC-15;PED-5004;$ 14.000.000;Pendiente;Alimentación;Fisica;Responsable 5
15/04/2024;NT00858;NIT0000000025;PwC;COP;5/12/2022;FAC-15;PED-5005;$ 28.000.000;Pendiente;Servicios;Fisica;Responsable 5
22/06/2024;NT00859;NIT0000000027;Duke Energy;COP;26/03/2025;FAC-15;PED-5007;$ 21.500.000;Pendiente;Energía;Fisica;Responsable 5
10/04/2023;NT00860;NIT0000000028;McKinsey;COP;9/01/2022;FAC-15;PED-5008;$ 150.000.000;Pendiente;Servicios;Fisica;Responsable 5
31/12/2024;NT00861;NIT0000000029;Danone;COP;11/12/2023;FAC-15;PED-5009;$ 5.800.000;Pendiente;Alimentación;Fisica;Responsable 5
16/12/2022;NT00862;NIT0000000030;Facebook;COP;19/11/2023;FAC-15;PED-5010;$ 5.000.000;Pendiente;Tecnologia;Fisica;Responsable 5
7/02/2022;NT00863;NIT0000000031;Microsoft;COP;28/10/2022;FAC-15;PED-5011;$ 36.000.000;Pendiente;Tecnologia;Fisica;Responsable 5
6/06/2023;NT00864;NIT0000000032;Enel;COP;8/03/2025;FAC-15;PED-5012;$ 20.000.000;Pendiente;Energía;Fisica;Responsable 5
22/08/2024;NT00865;NIT0000000033;Coca-Cola;COP;26/10/2024;FAC-15;PED-5013;$ 9.000.000;Pendiente;Alimentación;Fisica;Responsable 5
6/12/2025;NT00866;NIT0000000035;Kellogg;COP;25/12/2024;FAC-15;PED-5015;$ 6.300.000;Pendiente;Alimentación;Fisica;Responsable 5
19/06/2024;NT00867;NIT0000000036;Southern Company;COP;25/09/2024;FAC-15;PED-5016;$ 19.800.000;Pendiente;Energía;Fisica;Responsable 5
8/03/2022;NT00868;NIT0000000037;Kraft Heinz;COP;9/01/2025;FAC-15;PED-5017;$ 4.500.000;Pendiente;Alimentación;Fisica;Responsable 5
28/05/2025;NT00869;NIT0000000038;G4S;COP;20/09/2025;FAC-15;PED-5018;$ 8.500.000;Pendiente;Servicios Públicos;Fisica;Responsable 5
4/06/2024;NT00870;NIT0000000040;RWE;COP;8/10/2022;FAC-15;PED-5020;$ 19.000.000;Pendiente;Energía;Fisica;Responsable 5
15/01/2023;NT00871;NIT0000000041;Juan Valdez;COP;19/01/2024;FAC-15;PED-5021;$ 4.200.000;Pendiente;Consultoría;Fisica;Responsable 5
1/06/2022;NT00872;NIT0000000042;Compass Group;COP;23/09/2023;FAC-15;PED-5022;$ 10.500.000;Pendiente;Servicios Públicos;Fisica;Responsable 5
13/05/2022;NT00873;NIT0000000043;Serco;COP;8/07/2025;FAC-15;PED-5023;$ 9.000.000;Pendiente;Servicios Públicos;Fisica;Responsable 5
3/12/2022;NT00874;NIT0000000045;NextEra Energy;COP;15/02/2024;FAC-15;PED-5025;$ 23.000.000;Pendiente;Energía;Fisica;Responsable 5
6/06/2023;NT00875;NIT0000000046;Exelon;COP;5/02/2023;FAC-15;PED-5026;$ 18.700.000;Pendiente;Energía;Fisica;Responsable 5
10/03/2023;NT00876;NIT0000000047;EDF;COP;27/02/2022;FAC-15;PED-5027;$ 19.200.000;Pendiente;Energía;Fisica;Responsable 5
18/10/2024;NT00877;NIT0000000048;Oracle;COP;2/07/2023;FAC-15;PED-5028;$ 80.000.000;Pendiente;Tecnologia;Fisica;Responsable 5
1/01/2022;NT00878;NIT0000000049;Starbucks;COP;24/12/2023;FAC-15;PED-5029;$ 5.500.000;Pendiente;Consultoría;Fisica;Responsable 5
11/06/2022;NT00879;NIT0000000050;Accenture;COP;24/06/2024;FAC-15;PED-5030;$ 95.000.000;Pendiente;Servicios;Fisica;Responsable 5
21/03/2024;NT00880;NIT0000000051;Mondelez;COP;9/08/2023;FAC-15;PED-5031;$ 6.900.000;Pendiente;Alimentación;Fisica;Responsable 5
17/11/2025;NT00881;NIT0000000052;KPMG;COP;4/06/2024;FAC-15;PED-5032;$ 30.000.000;Pendiente;Servicios;Fisica;Responsable 5
22/12/2025;NT00882;NIT0000000053;Cisco;COP;19/11/2025;FAC-15;PED-5033;$ 35.000.000;Pendiente;Tecnologia;Fisica;Responsable 5
31/12/2022;NT00883;NIT0000000056;Burger King;COP;26/01/2023;FAC-15;PED-5036;$ 45.000.000;Pendiente;Consultoría;Fisica;Responsable 5
7/12/2022;NT00884;NIT0000000057;KFC;COP;12/08/2024;FAC-15;PED-5037;$ 38.000.000;Pendiente;Consultoría;Fisica;Responsable 5
3/02/2022;NT00885;NIT0000000058;Capgemini;COP;12/05/2023;FAC-15;PED-5038;$ 80.000.000;Pendiente;Servicios;Fisica;Responsable 5
24/07/2025;NT00886;NIT0000000059;Amazon;COP;11/09/2024;FAC-15;PED-5039;$ 22.000.000;Pendiente;Tecnologia;Fisica;Responsable 5
15/01/2024;NT00887;NIT0000000060;Tostao;COP;29/01/2024;FAC-15;PED-5040;$ 3.800.000;Pendiente;Consultoría;Fisica;Responsable 5
13/09/2023;NT00888;NIT0000000061;McDonald's;COP;13/10/2025;FAC-15;PED-5041;$ 120.000.000;Pendiente;Consultoría;Fisica;Responsable 5
26/02/2024;NT00889;NIT0000000062;Bain;COP;30/01/2024;FAC-15;PED-5042;$ 140.000.000;Pendiente;Servicios;Fisica;Responsable 5
13/03/2022;NT00890;NIT0000000063;Procter & Gamble;COP;24/06/2025;FAC-15;PED-5043;$ 7.200.000;Pendiente;Alimentación;Fisica;Responsable 5
11/01/2022;NT00891;NIT0000000064;Securitas;COP;10/01/2024;FAC-15;PED-5044;$ 8.700.000;Pendiente;Servicios Públicos;Fisica;Responsable 5
13/07/2024;NT00892;NIT0000000065;Crepes & Waffles;COP;9/04/2022;FAC-15;PED-5045;$ 15.000.000;Pendiente;Consultoría;Fisica;Responsable 5
10/09/2022;NT00893;NIT0000000066;SAP;COP;6/05/2025;FAC-15;PED-5046;$ 240.000.000;Pendiente;Tecnologia;Fisica;Responsable 5
27/05/2024;NT00894;NIT0000000067;Mitie;COP;23/09/2024;FAC-15;PED-5047;$ 7.500.000;Pendiente;Servicios Públicos;Fisica;Responsable 5
19/03/2023;NT00895;NIT0000000068;EY;COP;22/02/2022;FAC-15;PED-5048;$ 35.000.000;Pendiente;Servicios;Fisica;Responsable 5
5/04/2025;NT00896;NIT0000000069;BCG;COP;6/04/2023;FAC-15;PED-5049;$ 145.000.000;Pendiente;Servicios;Fisica;Responsable 5
13/01/2024;NT00897;NIT0000000070;Google;COP;19/08/2024;FAC-15;PED-5050;$ 15.000.000;Pendiente;Tecnologia;Fisica;Responsable 5
1/10/2025;NT00898;NIT0000000001;ABM;COP;26/02/2024;FAC-16;PED-5051;$ 6.200.000;Pagada;Servicios Públicos;Electronica;Responsable 6
25/03/2024;NT00899;NIT0000000002;Subway;COP;6/11/2022;FAC-16;PED-5052;$ 18.000.000;Pagada;Consultoría;Electronica;Responsable 6
21/04/2022;NT00900;NIT0000000003;Sodexo;COP;1/08/2022;FAC-16;PED-5053;$ 11.000.000;Pagada;Servicios Públicos;Electronica;Responsable 6
3/05/2023;NT00901;NIT0000000005;ISS;COP;31/05/2025;FAC-16;PED-5055;$ 9.800.000;Pagada;Servicios Públicos;Electronica;Responsable 6
13/02/2023;NT00902;NIT0000000006;Rentokil;COP;28/05/2025;FAC-16;PED-5056;$ 1.200.000;Pagada;Servicios Públicos;Electronica;Responsable 6
20/03/2023;NT00903;NIT0000000008;IBM;COP;23/01/2022;FAC-16;PED-5058;$ 50.000.000;Pagada;Tecnologia;Electronica;Responsable 6
5/11/2024;NT00904;NIT0000000009;Oma;COP;12/12/2025;FAC-16;PED-5059;$ 6.400.000;Pagada;Consultoría;Electronica;Responsable 6
18/12/2023;NT00905;NIT0000000010;Deloitte;COP;8/12/2024;FAC-16;PED-5060;$ 40.000.000;Pagada;Servicios;Electronica;Responsable 6
12/01/2023;NT00906;NIT0000000011;Apple;COP;17/01/2024;FAC-16;PED-5061;$ 45.000.000;Pagada;Tecnologia;Electronica;Responsable 6
5/06/2022;NT00907;NIT0000000012;Intel;COP;4/06/2022;FAC-16;PED-5062;$ 32.000.000;Pagada;Tecnologia;Electronica;Responsable 6
13/12/2022;NT00908;NIT0000000013;General Mills;COP;14/07/2023;FAC-16;PED-5063;$ 6.500.000;Pagada;Alimentación;Electronica;Responsable 6
31/01/2022;NT00909;NIT0000000014;Unilever;COP;15/08/2024;FAC-16;PED-5064;$ 8.200.000;Pagada;Alimentación;Electronica;Responsable 6
8/12/2022;NT00910;NIT0000000015;Dunkin Donuts;COP;29/06/2023;FAC-16;PED-5065;$ 70.000.000;Pagada;Consultoría;Electronica;Responsable 6
2/08/2024;NT00911;NIT0000000017;Aramark;COP;28/12/2025;FAC-16;PED-5067;$ 12.000.000;Pagada;Servicios Públicos;Electronica;Responsable 6
8/08/2025;NT00912;NIT0000000018;E.ON;COP;2/08/2024;FAC-16;PED-5068;$ 18.000.000;Pagada;Energía;Electronica;Responsable 6
15/07/2025;NT00913;NIT0000000020;Iberdrola;COP;8/07/2023;FAC-16;PED-5070;$ 17.500.000;Pagada;Energía;Electronica;Responsable 6
17/12/2022;NT00914;NIT0000000021;Engie;COP;22/04/2025;FAC-16;PED-5071;$ 22.000.000;Pagada;Energía;Electronica;Responsable 6
16/05/2025;NT00915;NIT0000000023;TCS;COP;15/12/2025;FAC-16;PED-5073;$ 120.000.000;Pagada;Servicios;Electronica;Responsable 6
17/10/2025;NT00916;NIT0000000024;PepsiCo;COP;17/05/2025;FAC-16;PED-5074;$ 7.000.000;Pagada;Alimentación;Electronica;Responsable 6
31/01/2024;NT00917;NIT0000000025;PwC;COP;14/02/2024;FAC-16;PED-5075;$ 28.000.000;Pagada;Servicios;Electronica;Responsable 6
22/02/2025;NT00918;NIT0000000027;Duke Energy;COP;3/05/2025;FAC-16;PED-5077;$ 21.500.000;Pagada;Energía;Electronica;Responsable 6
2/10/2022;NT00919;NIT0000000028;McKinsey;COP;2/12/2025;FAC-16;PED-5078;$ 150.000.000;Pagada;Servicios;Electronica;Responsable 6
4/01/2024;NT00920;NIT0000000029;Danone;COP;8/05/2022;FAC-16;PED-5079;$ 5.800.000;Pagada;Alimentación;Electronica;Responsable 6
18/02/2025;NT00921;NIT0000000030;Facebook;COP;26/02/2024;FAC-16;PED-5080;$ 5.000.000;Pagada;Tecnologia;Electronica;Responsable 6
30/07/2024;NT00922;NIT0000000031;Microsoft;COP;20/05/2024;FAC-16;PED-5081;$ 36.000.000;Pagada;Tecnologia;Electronica;Responsable 6
9/05/2023;NT00923;NIT0000000032;Enel;COP;24/06/2024;FAC-16;PED-5082;$ 20.000.000;Pagada;Energía;Electronica;Responsable 6
30/06/2024;NT00924;NIT0000000033;Coca-Cola;COP;2/08/2024;FAC-16;PED-5083;$ 9.000.000;Pagada;Alimentación;Electronica;Responsable 6
2/11/2022;NT00925;NIT0000000035;Kellogg;COP;22/05/2024;FAC-16;PED-5085;$ 6.300.000;Pagada;Alimentación;Electronica;Responsable 6
19/01/2022;NT00926;NIT0000000036;Southern Company;COP;15/03/2025;FAC-16;PED-5086;$ 19.800.000;Pagada;Energía;Electronica;Responsable 6
6/02/2024;NT00927;NIT0000000037;Kraft Heinz;COP;17/11/2022;FAC-16;PED-5087;$ 4.500.000;Pagada;Alimentación;Electronica;Responsable 6
11/07/2024;NT00928;NIT0000000038;G4S;COP;11/07/2022;FAC-16;PED-5088;$ 8.500.000;Pagada;Servicios Públicos;Electronica;Responsable 6
19/09/2024;NT00929;NIT0000000040;RWE;COP;26/06/2024;FAC-16;PED-5090;$ 19.000.000;Pagada;Energía;Electronica;Responsable 6
10/03/2025;NT00930;NIT0000000041;Juan Valdez;COP;12/11/2023;FAC-16;PED-5091;$ 8.400.000;Pagada;Consultoría;Electronica;Responsable 6
3/05/2025;NT00931;NIT0000000042;Compass Group;COP;23/10/2022;FAC-16;PED-5092;$ 10.500.000;Pagada;Servicios Públicos;Electronica;Responsable 6
7/04/2025;NT00932;NIT0000000043;Serco;COP;20/10/2023;FAC-16;PED-5093;$ 9.000.000;Pagada;Servicios Públicos;Electronica;Responsable 6
27/12/2023;NT00933;NIT0000000045;NextEra Energy;COP;5/09/2025;FAC-16;PED-5095;$ 23.000.000;Pagada;Energía;Electronica;Responsable 6
8/10/2025;NT00934;NIT0000000046;Exelon;COP;24/01/2023;FAC-16;PED-5096;$ 18.700.000;Pagada;Energía;Electronica;Responsable 6
19/10/2023;NT00935;NIT0000000047;EDF;COP;2/06/2024;FAC-16;PED-5097;$ 19.200.000;Pagada;Energía;Electronica;Responsable 6
7/08/2022;NT00936;NIT0000000048;Oracle;COP;24/01/2022;FAC-16;PED-5098;$ 80.000.000;Pagada;Tecnologia;Electronica;Responsable 6
11/09/2025;NT00937;NIT0000000049;Starbucks;COP;16/02/2023;FAC-16;PED-5099;$ 11.000.000;Pagada;Consultoría;Electronica;Responsable 6
28/11/2024;NT00938;NIT0000000050;Accenture;COP;26/05/2025;FAC-16;PED-5100;$ 95.000.000;Pagada;Servicios;Electronica;Responsable 6
24/09/2024;NT00939;NIT0000000051;Mondelez;COP;27/10/2024;FAC-16;PED-5101;$ 6.900.000;Pagada;Alimentación;Electronica;Responsable 6
30/03/2024;NT00940;NIT0000000052;KPMG;COP;6/06/2023;FAC-16;PED-5102;$ 30.000.000;Pagada;Servicios;Electronica;Responsable 6
5/05/2022;NT00941;NIT0000000053;Cisco;COP;8/10/2022;FAC-16;PED-5103;$ 35.000.000;Pagada;Tecnologia;Electronica;Responsable 6
25/11/2022;NT00942;NIT0000000056;Burger King;COP;2/03/2023;FAC-16;PED-5106;$ 135.000.000;Pagada;Consultoría;Electronica;Responsable 6
25/02/2025;NT00943;NIT0000000057;KFC;COP;18/10/2024;FAC-16;PED-5107;$ 114.000.000;Pagada;Consultoría;Electronica;Responsable 6
17/06/2025;NT00944;NIT0000000058;Capgemini;COP;6/06/2024;FAC-16;PED-5108;$ 80.000.000;Pagada;Servicios;Electronica;Responsable 6
5/05/2022;NT00945;NIT0000000059;Amazon;COP;28/03/2025;FAC-16;PED-5109;$ 22.000.000;Pagada;Tecnologia;Electronica;Responsable 6
2/11/2024;NT00946;NIT0000000060;Tostao;COP;25/10/2023;FAC-16;PED-5110;$ 11.400.000;Pagada;Consultoría;Electronica;Responsable 6
2/04/2023;NT00947;NIT0000000061;McDonald's;COP;16/08/2025;FAC-16;PED-5111;$ 180.000.000;Pagada;Consultoría;Electronica;Responsable 6
3/11/2024;NT00948;NIT0000000062;Bain;COP;2/02/2024;FAC-16;PED-5112;$ 140.000.000;Pagada;Servicios;Electronica;Responsable 6
15/11/2022;NT00949;NIT0000000063;Procter & Gamble;COP;18/04/2024;FAC-16;PED-5113;$ 14.400.000;Pagada;Alimentación;Electronica;Responsable 6
17/03/2024;NT00950;NIT0000000064;Securitas;COP;23/06/2022;FAC-16;PED-5114;$ 8.700.000;Pagada;Servicios Públicos;Electronica;Responsable 6
28/01/2024;NT00951;NIT0000000065;Crepes & Waffles;COP;11/09/2024;FAC-16;PED-5115;$ 22.500.000;Pagada;Consultoría;Electronica;Responsable 6
4/01/2023;NT00952;NIT0000000066;SAP;COP;20/07/2025;FAC-16;PED-5116;$ 240.000.000;Pagada;Tecnologia;Electronica;Responsable 6
28/10/2024;NT00953;NIT0000000067;Mitie;COP;12/11/2022;FAC-16;PED-5117;$ 7.500.000;Pagada;Servicios Públicos;Electronica;Responsable 6
6/04/2025;NT00954;NIT0000000068;EY;COP;29/04/2023;FAC-16;PED-5118;$ 35.000.000;Pagada;Servicios;Electronica;Responsable 6
21/11/2023;NT00955;NIT0000000069;BCG;COP;17/08/2025;FAC-16;PED-5119;$ 145.000.000;Pagada;Servicios;Electronica;Responsable 6
11/11/2022;NT00956;NIT0000000070;Google;COP;6/04/2023;FAC-16;PED-5120;$ 15.000.000;Pagada;Tecnologia;Electronica;Responsable 6
10/03/2024;NT00957;NIT0000000001;ABM;COP;1/11/2025;FAC-17;PED-5121;$ 6.200.000;Pendiente;Servicios Públicos;Fisica;Responsable 7
29/04/2022;NT00958;NIT0000000002;Subway;COP;3/12/2022;FAC-17;PED-5122;$ 27.000.000;Pendiente;Consultoría;Fisica;Responsable 7
18/06/2023;NT00959;NIT0000000003;Sodexo;COP;11/03/2023;FAC-17;PED-5123;$ 11.000.000;Pendiente;Servicios Públicos;Fisica;Responsable 7
30/07/2025;NT00960;NIT0000000005;ISS;COP;30/03/2022;FAC-17;PED-5125;$ 9.800.000;Pendiente;Servicios Públicos;Fisica;Responsable 7
12/05/2024;NT00961;NIT0000000006;Rentokil;COP;23/07/2023;FAC-17;PED-5126;$ 1.200.000;Pendiente;Servicios Públicos;Fisica;Responsable 7
16/11/2022;NT00962;NIT0000000008;IBM;COP;29/05/2025;FAC-17;PED-5128;$ 50.000.000;Pendiente;Tecnologia;Fisica;Responsable 7
15/12/2023;NT00963;NIT0000000009;Oma;COP;7/04/2022;FAC-17;PED-5129;$ 9.600.000;Pendiente;Consultoría;Fisica;Responsable 7
19/06/2022;NT00964;NIT0000000010;Deloitte;COP;11/04/2025;FAC-17;PED-5130;$ 40.000.000;Pendiente;Servicios;Fisica;Responsable 7
12/02/2025;NT00965;NIT0000000011;Apple;COP;8/12/2022;FAC-17;PED-5131;$ 45.000.000;Pendiente;Tecnologia;Fisica;Responsable 7
11/03/2024;NT00966;NIT0000000012;Intel;COP;24/03/2025;FAC-17;PED-5132;$ 32.000.000;Pendiente;Tecnologia;Fisica;Responsable 7
2/12/2022;NT00967;NIT0000000013;General Mills;COP;23/01/2022;FAC-17;PED-5133;$ 13.000.000;Pendiente;Alimentación;Fisica;Responsable 7
31/03/2022;NT00968;NIT0000000014;Unilever;COP;16/03/2022;FAC-17;PED-5134;$ 16.400.000;Pendiente;Alimentación;Fisica;Responsable 7
6/08/2022;NT00969;NIT0000000015;Dunkin Donuts;COP;19/05/2023;FAC-17;PED-5135;$ 105.000.000;Pendiente;Consultoría;Fisica;Responsable 7
16/09/2023;NT00970;NIT0000000017;Aramark;COP;17/08/2022;FAC-17;PED-5137;$ 12.000.000;Pendiente;Servicios Públicos;Fisica;Responsable 7
1/09/2023;NT00971;NIT0000000018;E.ON;COP;7/07/2024;FAC-17;PED-5138;$ 18.000.000;Pendiente;Energía;Fisica;Responsable 7
5/09/2024;NT00972;NIT0000000020;Iberdrola;COP;7/04/2023;FAC-17;PED-5140;$ 17.500.000;Pendiente;Energía;Fisica;Responsable 7
19/10/2024;NT00973;NIT0000000021;Engie;COP;14/10/2024;FAC-17;PED-5141;$ 22.000.000;Pendiente;Energía;Fisica;Responsable 7
13/07/2023;NT00974;NIT0000000023;TCS;COP;26/08/2023;FAC-17;PED-5143;$ 120.000.000;Pendiente;Servicios;Fisica;Responsable 7
4/04/2023;NT00975;NIT0000000024;PepsiCo;COP;17/08/2024;FAC-17;PED-5144;$ 14.000.000;Pendiente;Alimentación;Fisica;Responsable 7
2/11/2023;NT00976;NIT0000000025;PwC;COP;29/08/2023;FAC-17;PED-5145;$ 28.000.000;Pendiente;Servicios;Fisica;Responsable 7
6/10/2023;NT00977;NIT0000000027;Duke Energy;COP;17/10/2025;FAC-17;PED-5147;$ 21.500.000;Pendiente;Energía;Fisica;Responsable 7
19/04/2025;NT00978;NIT0000000028;McKinsey;COP;1/04/2023;FAC-17;PED-5148;$ 300.000.000;Pendiente;Servicios;Fisica;Responsable 7
15/04/2024;NT00979;NIT0000000029;Danone;COP;21/10/2023;FAC-17;PED-5149;$ 11.600.000;Pendiente;Alimentación;Fisica;Responsable 7
2/10/2024;NT00980;NIT0000000030;Facebook;COP;6/05/2024;FAC-17;PED-5150;$ 5.000.000;Pendiente;Tecnologia;Fisica;Responsable 7
18/10/2024;NT00981;NIT0000000031;Microsoft;COP;12/12/2025;FAC-17;PED-5151;$ 36.000.000;Pendiente;Tecnologia;Fisica;Responsable 7
7/11/2022;NT00982;NIT0000000032;Enel;COP;26/08/2023;FAC-17;PED-5152;$ 20.000.000;Pendiente;Energía;Fisica;Responsable 7
11/12/2025;NT00983;NIT0000000033;Coca-Cola;COP;31/03/2022;FAC-17;PED-5153;$ 18.000.000;Pendiente;Alimentación;Fisica;Responsable 7
30/01/2024;NT00984;NIT0000000035;Kellogg;COP;8/09/2023;FAC-17;PED-5155;$ 12.600.000;Pendiente;Alimentación;Fisica;Responsable 7
19/06/2022;NT00985;NIT0000000036;Southern Company;COP;4/10/2024;FAC-17;PED-5156;$ 19.800.000;Pendiente;Energía;Fisica;Responsable 7
3/06/2023;NT00986;NIT0000000037;Kraft Heinz;COP;22/10/2023;FAC-17;PED-5157;$ 9.000.000;Pendiente;Alimentación;Fisica;Responsable 7
12/05/2025;NT00987;NIT0000000038;G4S;COP;3/08/2022;FAC-17;PED-5158;$ 8.500.000;Pendiente;Servicios Públicos;Fisica;Responsable 7
6/08/2023;NT00988;NIT0000000040;RWE;COP;20/10/2023;FAC-17;PED-5160;$ 19.000.000;Pendiente;Energía;Fisica;Responsable 7
22/05/2023;NT00989;NIT0000000041;Juan Valdez;COP;5/05/2025;FAC-17;PED-5161;$ 4.200.000;Pendiente;Consultoría;Fisica;Responsable 7
17/06/2025;NT00990;NIT0000000042;Compass Group;COP;20/01/2023;FAC-17;PED-5162;$ 10.500.000;Pendiente;Servicios Públicos;Fisica;Responsable 7
11/12/2023;NT00991;NIT0000000043;Serco;COP;29/09/2024;FAC-17;PED-5163;$ 9.000.000;Pendiente;Servicios Públicos;Fisica;Responsable 7
21/06/2024;NT00992;NIT0000000045;NextEra Energy;COP;18/11/2025;FAC-17;PED-5165;$ 23.000.000;Pendiente;Energía;Fisica;Responsable 7
4/04/2024;NT00993;NIT0000000046;Exelon;COP;20/04/2023;FAC-17;PED-5166;$ 18.700.000;Pendiente;Energía;Fisica;Responsable 7
15/12/2025;NT00994;NIT0000000047;EDF;COP;8/06/2022;FAC-17;PED-5167;$ 19.200.000;Pendiente;Energía;Fisica;Responsable 7
6/09/2024;NT00995;NIT0000000048;Oracle;COP;25/04/2024;FAC-17;PED-5168;$ 80.000.000;Pendiente;Tecnologia;Fisica;Responsable 7
21/03/2022;NT00996;NIT0000000049;Starbucks;COP;10/10/2022;FAC-17;PED-5169;$ 5.500.000;Pendiente;Consultoría;Fisica;Responsable 7
7/08/2025;NT00997;NIT0000000050;Accenture;COP;13/05/2022;FAC-17;PED-5170;$ 95.000.000;Pendiente;Servicios;Fisica;Responsable 7
14/12/2024;NT00998;NIT0000000051;Mondelez;COP;10/10/2024;FAC-17;PED-5171;$ 13.800.000;Pendiente;Alimentación;Fisica;Responsable 7
20/07/2024;NT00999;NIT0000000052;KPMG;COP;13/07/2023;FAC-17;PED-5172;$ 30.000.000;Pendiente;Servicios;Fisica;Responsable 7
4/07/2022;NT01000;NIT0000000053;Cisco;COP;26/07/2025;FAC-17;PED-5173;$ 35.000.000;Pendiente;Tecnologia;Fisica;Responsable 7
21/11/2024;NT01001;NIT0000000056;Burger King;COP;22/02/2024;FAC-17;PED-5176;$ 45.000.000;Pendiente;Consultoría;Fisica;Responsable 7
8/04/2022;NT01002;NIT0000000057;KFC;COP;9/08/2022;FAC-17;PED-5177;$ 38.000.000;Pendiente;Consultoría;Fisica;Responsable 7
12/07/2023;NT01003;NIT0000000058;Capgemini;COP;5/06/2023;FAC-17;PED-5178;$ 80.000.000;Pendiente;Servicios;Fisica;Responsable 7
24/06/2025;NT01004;NIT0000000059;Amazon;COP;9/06/2024;FAC-17;PED-5179;$ 22.000.000;Pendiente;Tecnologia;Fisica;Responsable 7
23/04/2022;NT01005;NIT0000000060;Tostao;COP;14/08/2023;FAC-17;PED-5180;$ 3.800.000;Pendiente;Consultoría;Fisica;Responsable 7
23/03/2025;NT01006;NIT0000000061;McDonald's;COP;23/05/2024;FAC-17;PED-5181;$ 60.000.000;Pendiente;Consultoría;Fisica;Responsable 7
28/08/2025;NT01007;NIT0000000062;Bain;COP;15/06/2022;FAC-17;PED-5182;$ 140.000.000;Pendiente;Servicios;Fisica;Responsable 7
2/09/2023;NT01008;NIT0000000063;Procter & Gamble;COP;13/07/2025;FAC-17;PED-5183;$ 14.400.000;Pendiente;Alimentación;Fisica;Responsable 7
12/03/2022;NT01009;NIT0000000064;Securitas;COP;8/01/2023;FAC-17;PED-5184;$ 8.700.000;Pendiente;Servicios Públicos;Fisica;Responsable 7
19/01/2022;NT01010;NIT0000000065;Crepes & Waffles;COP;31/08/2022;FAC-17;PED-5185;$ 7.500.000;Pendiente;Consultoría;Fisica;Responsable 7
7/05/2025;NT01011;NIT0000000066;SAP;COP;22/06/2022;FAC-17;PED-5186;$ 240.000.000;Pendiente;Tecnologia;Fisica;Responsable 7
24/12/2022;NT01012;NIT0000000067;Mitie;COP;24/06/2025;FAC-17;PED-5187;$ 7.500.000;Pendiente;Servicios Públicos;Fisica;Responsable 7
12/05/2023;NT01013;NIT0000000068;EY;COP;9/06/2025;FAC-17;PED-5188;$ 35.000.000;Pendiente;Servicios;Fisica;Responsable 7
28/12/2023;NT01014;NIT0000000069;BCG;COP;31/12/2023;FAC-17;PED-5189;$ 145.000.000;Pendiente;Servicios;Fisica;Responsable 7
17/02/2023;NT01015;NIT0000000070;Google;COP;19/11/2025;FAC-17;PED-5190;$ 15.000.000;Pendiente;Tecnologia;Fisica;Responsable 7
